rank	case_id	score_sha256
1	RAG-nq-test1035	00086dd4952f8a8e053371f86ef4cc7dff696c16f77a03c1f4ec1704a3b7925a
2	RAG-scifact-1185	005d93c9c6939eb1f8a2b2898c89ea7f7cb11b7ab91917e55c4bdd81d5686686
3	RAG-hotpotqa-5a72aec45542994cef4bc3d7	0060b4c22f99aef32127ce2f91b2ffae27a512f1ddaea29287781415ca7fd6ea
4	RAG-nq-test1343	0072012f0c86267b85656207b458ba91c97ea5a04ae58197ab8a0d67c12af3d2
5	RAG-nq-test1042	00bfb05a8e2a951068dbdd874e16ab1e76070b1d5c54482f060e978e4d6ee551
6	RAG-nq-test1071	01420cf5c93533140a7e432dc7317285fa38f659062fe82a05ba47d97376916d
7	RAG-nq-test1011	01647a7b1f92a48145c6453c242736896d07eaa4588b1a3917722e6952c3d7ab
8	RAG-scifact-1121	0168198fc1cd64af201e8a208f8f872ef567a941fa73199d7635a7062bb1277e
9	RAG-scifact-294	021f9dfaa5246b5bd931f34c7be25852e437dfd0816cc56c83e05d1c1af313b6
10	RAG-hotpotqa-5a70f9335542994082a3e46a	0242658589f05b798f6a0b500333ede3991dc991aef8fb26f7e56575296a2654
11	RAG-scifact-1221	0267f3bf4f75e1748f1270e15a7ab2769b5b0e74f47552649777c8edec52d540
12	RAG-nq-test1185	0294b53631d19e58eb04684ff17374b69e8e4d8050cc52e13f53a698a840af52
13	RAG-hotpotqa-5a71646e5542994082a3e80e	02c8dbc6f7afffe4ffdd6bbb41c565cf5cd6507c873df2060318301c95e1a457
14	RAG-scifact-113	033d6a57c9c0b9d434e1b8bcb3baa3cd7cf32ef7d888d1feacf2fef7fa260fa1
15	RAG-hotpotqa-5a7283365542991f9a20c4b2	0355ca7256cff73bc1432f68bb92d6f52f1fefadf90778726bacc86a44a06de4
16	RAG-hotpotqa-5a717d4c5542994082a3e854	03b19ce261441eae6a81446c7bfa9813b03c1054db2494dbe6c422b438b2500d
17	RAG-scifact-1274	03dc54380e98334667c9cca87335b21232c6b971d485dbcba8ae801bfe7226a1
18	RAG-scifact-1272	042da7f214b546f88664a73acc163159e5e5ed93201f66370562b04577d43ecb
19	RAG-nq-test1173	04b87f56e5baa30712e81eeace29fcd186f9b42aaf3efffc079ba8ed369ffe02
20	RAG-hotpotqa-5a72429355429971e9dc9375	05120f7a1dcc5bf0cfc70e4a3537fe0ebe902bec7352b0905b95e879c9642021
21	RAG-scifact-249	059497eb1a094bf5db1865240202f8e22d7a9d804ed4c83a337c07e45bd60555
22	RAG-nq-test1019	05ea438af8a020835cc134b8b2910c8d6213b403d1d212e1795c63230e4d81e2
23	RAG-nq-test1337	0633e007bb169694621b8e512155328ef9de4550c55ddd64e822c1be37f9af5c
24	RAG-hotpotqa-5a713f3c5542994082a3e6eb	0652b7f2f320f5f3698703d4ca5d8d51fb8033227a3880fa402a161049cdf0aa
25	RAG-hotpotqa-5a7264ed5542990c210a411a	07a534a2f58ba32172aa78fdca1ee684095ddcf7ddfa99aaa6a806effe37aa90
26	RAG-nq-test1163	07c0814955de480f6cb9b530d965564453245bc71f8cdb3f6e1f280bc7b1fce0
27	RAG-nq-test1046	08009304e6d8cfcc23155a3b3c185dfbdf70705bdc36f19d03e3744345e937ad
28	RAG-nq-test113	083d55e694dae700b06bdf5996f92015939a1d8d0474baead6ab3ef881cbab31
29	RAG-hotpotqa-5a72c9e85542991f9a20c595	0932d607d5c7f14f96640914458128ed7a200c64dae478a523d4d719763044ce
30	RAG-hotpotqa-5a731a635542994cef4bc458	097ab2e8fc09ac7b2198130c72faf32a219762574d19e0ec6030c34b81e1e2e5
31	RAG-nq-test1082	09ddf961c93443046773c7bdfd342c6c851b64426e104b652a94c6392a5c0fe6
32	RAG-hotpotqa-5a7320565542991f9a20c61d	0a14c16fa878c14930ad2b154b7c1b641174dde2be75aa69cdc4dacdb7c4e814
33	RAG-nq-test1280	0a6b701cf1e568e1f3690679ace420d11d15958d0de7d91c2a9cd1b6ca1b1e1b
34	RAG-hotpotqa-5a714bb35542994082a3e78f	0a8a05142d2ef1023c443b3e6c193d900e53c139c65b211a658b2d962b7f066e
35	RAG-nq-test1093	0ad9861d79e07cc260d1e4edcdd90e2d26676eb62035a2453619b6a51f30f57a
36	RAG-scifact-1382	0b0b4fcc1427b4adecaa4939f79d5d30e464fb3205d5d803712d992fbf59b017
37	RAG-hotpotqa-5a728dc65542992359bc30ef	0b49e7b86c64ebadce7d90167137ad7ea718d9503aafe3400136f6b98ef374e9
38	RAG-nq-test1149	0b94c9ab94389d8135738bb034cd1d153cfe0c013a81ea94cf4cc8347e9b76f7
39	RAG-hotpotqa-5a7228f655429971e9dc9312	0badcc1a348d7e90da008a47582d63ed0cbd03dd68c2af8f068adbb9800dcd9a
40	RAG-nq-test1310	0c05054f4dcb143fa461724917fcd27f6c1d952b4cb78af7e6c7d34650a5544f
41	RAG-scifact-1187	0c5f1d4d8385ac0c1e1929a73178ed18f4c10920e7a922b7b1fcdd9bc65df814
42	RAG-scifact-141	0c938a1de3379d7c8c19e15d31d93162d08deff6db03e7e3c7eb7cc8a692e2f9
43	RAG-hotpotqa-5a7312675542994cef4bc43d	0cd1ad8532dc2a52f614353f3dbd08018174f35d16271bb4a09b7af63ea3e601
44	RAG-scifact-1175	0d0b3de4bf461b82d0edc746896c9e0b68d04d37c25b2df296737422fd1871d4
45	RAG-scifact-1319	0d4210b76e5b54f647defae8047204b65cafc1633d01bdf39b93e4041819137b
46	RAG-fever-103583	0d58bef77af771a85ca36b7eef85e806fb97c5c029eb17f8dfcfd865e44b1686
47	RAG-nq-test1181	0d7f93321621d4c8122cd8e8ffe5f78b2e1c69008f68d9c02e1d7c9862366cf8
48	RAG-nq-test1022	0db6627615ee31aed99f5c9769b47e2734b594f1cf895589c64e37af78adf222
49	RAG-scifact-239	0e486b07ceb35a75731f0587161d02c2099b38835b817fa7159910bb45ccbcee
50	RAG-fever-102594	0e8ef1b7429945f9958bfbb0f53803ae548cca0194f1af733fb8cf07dc999bbe
51	RAG-fever-103003	0ecd94a7108725fd70296e74b4b3d947404dfd4898e746b0b08fb9398cac0692
52	RAG-nq-test1336	0f6b9d185f56a23f0e0f76be016c9ccc54d5710a7a8624d2a535371ad7a7e26b
53	RAG-nq-test1298	0fd0d7e6aa3b6f6bdce8c969c69921e4638bb7b36e4d0b7422a604884f3768e3
54	RAG-fever-100781	1056d65fe547997a08113331c14e9663b3865a36a0197b5649eb13b1c9babdde
55	RAG-scifact-1179	106a5be983d32ba143840025a2285eda2a29eb72cee6206628173f6b66bcad6f
56	RAG-hotpotqa-5a72ba165542992359bc318a	10702b5d3b2b2082945555057c20830de1b1d546d5d154f8ff907979cef75eff
57	RAG-nq-test1332	107cd5a5cc18c7aef70570713861ff6e78e0711a1ec7ee8c68172f4f029711c7
58	RAG-nq-test1200	11255fd85f892ff5d69eddfd33854cb35184eb861181fc28a9116b1b0bd6ac61
59	RAG-hotpotqa-5a712fca5542994082a3e641	113ac4cff1105f8c53c45161569d51aea85766fb9be6db05e0a79facb068b9f9
60	RAG-fever-101528	1165c60d6a7c6712286f95604e63f111ff7cb503421c4b293d2f944464512cbc
61	RAG-fever-100245	117672129665ce4190f64c17c88f5dd0fb57efe64f9e2095ae84bf4f70c4ba57
62	RAG-hotpotqa-5a72b9155542992359bc3187	117e4bed82ffe55c12b0920fb5009798d1f8387f828ff9bca31ebad273f2bec3
63	RAG-fever-103767	118e3d24b23111db017b43f5667c353d6436ede602a0cb818b44280a944a7ecd
64	RAG-nq-test1014	118eef01e8a30bcb29d43d6f818137311530c44fe23ac7ed101a9da67de9a830
65	RAG-fever-10052	11c1ded31012348376c2e4591b6c9e193610aa9b9c6b1580718422f6037be65d
66	RAG-hotpotqa-5a732aa055429901807daf9f	11dd80e3d2830f3449036c00adc5a03199cf7d9a349cb2b3ccb58c168954b4de
67	RAG-scifact-362	11dee4138039eb795b3be0a6f24d3feec02fd3ff701c90dccab6f1b9f779d82d
68	RAG-fever-100467	1251b03909f1e40d43ea108afa268c6eb5e96cded17443aa64928f9b60dbac24
69	RAG-hotpotqa-5a73024f5542991f9a20c5fc	129d35ce09afa89eddab7c0a48d3a4572205756f29d2d4be5d8b8bb7e9422d6f
70	RAG-hotpotqa-5a71419f5542994082a3e70d	12d759809630b11b05e48352ff767f1d54db974ead604c660e85a3b2345b0ab9
71	RAG-hotpotqa-5a70eee85542994082a3e3f0	13586bc6a8beb99ade24ba4544df2758cf25819a4a5308bacb85521d66e9ca70
72	RAG-hotpotqa-5a72814f5542994cef4bc2eb	13bb699d946d656ebf72f041b595bfc174036de6e4e7520515ec04fa0a8e1642
73	RAG-nq-test1124	1472b7e8617fb8ea69849df8ebabe9c3ebcd0a7f017640ff05ec2100b11f6dc3
74	RAG-scifact-1385	14cbaae80c872fa4df3d957be9d1bed8a3a9b2fd556e3634019ac00ddd547258
75	RAG-fever-102038	14dc9cafc270f49d05ad64e7a2783df5e300472457fdb12a4d76ba5e43502607
76	RAG-nq-test127	14e599f659492108711a93ae550e8e1336f743194014cc1cb3e803f96282690f
77	RAG-hotpotqa-5a730abe5542994cef4bc42f	14fbe0416f77510c7b1babfeb5929cc5d8440f1a2146472ef655f01eea8b7bdd
78	RAG-scifact-137	1507ce0772a374b5d858edd7bb0cd3326b9a56d75678eb6b36e147a9d56a5631
79	RAG-fever-101619	1533559a3d935b2b75c9e243d6e27fe7fbb8b3a0ddb1e50eb5170d866a103235
80	RAG-scifact-1225	155606fd2176d4b3e409b8a4bff26735a294509a5ddb29eff55e574245b7e7a9
81	RAG-scifact-1270	158622d0e0a079976cca2cd44ba911f55a0c0c834dbec378ae3ff070bf33c69c
82	RAG-fever-101142	1599db8c54417cf658b0089270a57c7b333b7423173834afe3119558ef5475a6
83	RAG-fever-103063	16430bd1a90559ad6e859be5caf68842d76831f480492f2ec3ae3a185422b4ba
84	RAG-nq-test1273	1694e52139f40694866ea9b420d2ee39adc36b7f3f47d6adb500184b30b92938
85	RAG-hotpotqa-5a721b9055429971e9dc9277	16c51b6283f0bd3d0296d6f4cb24cd32673e45cea6d44900fc67e235765f3a96
86	RAG-hotpotqa-5a72b8de5542994cef4bc3df	16d57e1a8e0f4db91af6775f14ea1a758ff4c6972a338ff897b281b6d965c8b0
87	RAG-nq-test1109	170d7291c5985f407ba0175e6fb9fd91e640bc74d9d8fb8387b3de605c594184
88	RAG-scifact-36	173c8d63ffb946682093059541a66462673389fd2308c4232b6408de1e1a2807
89	RAG-hotpotqa-5a726b0f5542997f827839be	1773c73c29c5d5df641ecfd2c69b6bb830c7df6e45251a178bea1d7b5d7cefde
90	RAG-nq-test1130	183a7cc3775bf50581994e811248af7a64562be42ff066bee99b9df92ac43d60
91	RAG-nq-test1312	18654d500cd4fc48f6f3eb5ea49b04fe727e5f4dec201f5ca223fbced7b339d8
92	RAG-nq-test1240	18c89185939e514e65e6a06d4a7d167ec07b4f6c55159289955acbb300c414e0
93	RAG-hotpotqa-5a7129685542994082a3e5fa	18e91906c2cecebccc9c1ee2640a3097e26889147183370a2eee00c0c3e1e8f0
94	RAG-hotpotqa-5a7300b85542994cef4bc41a	195c34e2286dc65949da37fd4c83eb586e798b15f4c90170e9e6fd6e728665fe
95	RAG-fever-101795	197ade4671c5c7442520b92472f5c811dcb7e8b00a6604432725b90136eb9676
96	RAG-fever-10051	19d5c05b4f6019e5f1eb717568d6e126480551acbde1259dcfa13594ea95aee7
97	RAG-hotpotqa-5a72b2dc5542992359bc3173	1a35ec2e197d7467eaef91fce1986772c731b7ac28b0757bc3c762ea84080a7e
98	RAG-nq-test1225	1a47d8eb543c0b530b81a676df1747dbcfc1669eb496a1ac096c5dd431ec2d42
99	RAG-fever-104697	1a7743d78dac09937dca9b45b00b0cb361ea6b27e4ccddc08780f73128c477b0
100	RAG-hotpotqa-5a7172105542994082a3e837	1b363b1faadf2ea9a78f137107b0c2ad0214f0d9b3bd00fb44f0f9c61764a027
101	RAG-hotpotqa-5a714f6f5542994082a3e7b3	1b723fdc876ae5e57b1bfffa3bca7d13e474d3f29f0201067aa6678716ed09c0
102	RAG-scifact-1049	1b9501933df02012506960807eb71b1ec78bf2c032c869b3324db6d7df42de35
103	RAG-nq-test1105	1be434cd247ac67897998cb4f353a6975642c4409ffca115600aad57e1638835
104	RAG-scifact-219	1bec65fcd5cffe287be4a902a51fbe8f807ac68d172a623536fdc60b75c99e67
105	RAG-nq-test1191	1bf1f73a64bb21d1f8d0e16b2c8d672551043549627b542546a5f4442ba29fe4
106	RAG-fever-102173	1c51ba4f4cb6228b7e3020b30adc8290bc1eb43004414a2e4194aaf998084031
107	RAG-scifact-303	1c90f73fafaf0074a7c0d6b13c98b63ab3bd53fb621f1ebb5be9706183108aad
108	RAG-nq-test1137	1cd6e635623751c7529ac13768868e2b79bff395d6973dad51c7b2c0064062d4
109	RAG-hotpotqa-5a728fbd5542992359bc30f8	1cd7ef8646f85913319c6ec401a4e26d4d15716e84729b19019f946538a3e460
110	RAG-hotpotqa-5a728f3c5542992359bc30f4	1d8d813ec2501826e92ed49822d46739553666e31cc3e5adf7bec69bfee7038e
111	RAG-fever-101125	1eae0087f52dd529bb3e7afce99e53f538896b8f28f5dfafa689563436565598
112	RAG-fever-101680	1eb4cf1a0dc161f7d8c24a48d52a63f85fea8d01303417c68603227ff9077580
113	RAG-hotpotqa-5a7323ef5542994cef4bc477	1edc70a548a7c4e53d1b72b35dda20763d5a4f2206c0fa06aa6bcd2933e2c0bc
114	RAG-hotpotqa-5a72a9145542994cef4bc3c1	1f11dc5b38ecce8fb93e42d27b4792c4937a00fd6218f4d52c4cacafb1178963
115	RAG-fever-103298	1f1a561b7227e47e65d7ffd9165c5622d7c2b22500e28db79efc67b004b1fc20
116	RAG-fever-104135	2008cf653ef701f864607e79d2821c36bfcf1fa175b6767c9fd75eef2ac9f74c
117	RAG-nq-test1331	20383988beaff56480a792c55dfb89239dbc0fa0e3dc3c0cafd155c8f42f8782
118	RAG-hotpotqa-5a722b8655429971e9dc9329	208017cf05892e5900b766186ae38c3adf3ae2ce71ef20b1862654bab1bf44e6
119	RAG-hotpotqa-5a7166395542994082a3e814	212f26e98d6ba5c7bf3f25f789795fe6040d9a0f9bba24753c28aecc9d420f9b
120	RAG-scifact-1337	213b533004407531f6d3f7ecb2bb945a21e22afa9cac12285a89f8c25781192d
121	RAG-nq-test1303	2151cde78aece5e81eded32a8ff5042fffd54e13e274f7a892cce7b32d39b4ce
122	RAG-hotpotqa-5a716a9b5542994082a3e821	219409cd5d7e83b716d00b2593b42b2c52a776169cfc1543a213cc968295dc6a
123	RAG-nq-test1021	21dd64e9db9ec6f94c21cb4a5ad852ed132e8ed5afa49d94c7539bba4b917bef
124	RAG-fever-102876	22055acc91595bb8c25baccbbf14e93474c138a844b9df3c113382c47eac3cf7
125	RAG-scifact-350	22e75635e489f9c3980df4b800eede493f8f4ba1cbd19220a44ab9c3b1115e3c
126	RAG-hotpotqa-5a7322165542994cef4bc470	22e87baca165a462696108990560d56ef4f9902ea16087a0463eafbf22964ddd
127	RAG-nq-test1029	22f1e7954dc44e24e01ef13987e02694ac13f5afda5bacfddcc9e9fd61e589e6
128	RAG-hotpotqa-5a70f1685542994082a3e40f	230749b57b54e1f9646223194bea528114385bf5cf38a8f77ca855f3748c9860
129	RAG-fever-10262	239dfebf49c81372ec2916d097dc3ba82c08b1e446cb91812e1b0a54723d022c
130	RAG-hotpotqa-5a7125165542994082a3e5d0	24e187ae83c30af81cf78203d2f6a7a7f6fd26ed40dd88be970a9bf2460e4e36
131	RAG-scifact-128	25f2178448dc58378b0a0bbc73e971bd2ad56a03bbd33fc943782588daa0daa3
132	RAG-nq-test1192	26b78dbbc10e5f6590c5020c87c80487844cef9dfeee8327baebd0032d952a34
133	RAG-hotpotqa-5a7281075542994cef4bc2e9	26bcfe06b0f8a8bba72b38f4882f51fbf6f8e3266110cae458e7a57f6ccea186
134	RAG-hotpotqa-5a7302b75542991f9a20c5fd	272cb7ef0702957d548f58c636820f906e9a2cfbe0868668038116c6a94ae0ce
135	RAG-fever-103040	2734051880c4b5547977fec4869cefa06f14c3cf7888ae29be563e6c555aae84
136	RAG-hotpotqa-5a72bb045542994cef4bc3e4	2755caf8f85d0f7a5992908d704f4373eaef524bb6f74d73251b34941e52fb7b
137	RAG-nq-test116	275df65e812de21e40c910aadea03b2924e044bcc625a99b5b284d074ff71550
138	RAG-nq-test133	2770279cefa175f69a402b4bbb4ae5bd704196de35b252aea6567985182afc4a
139	RAG-fever-104249	280bbbf84f9e7419dde87c61e198a3d1c0d064d602fb8e5a9954021df11ba50d
140	RAG-hotpotqa-5a72df275542992359bc31b3	2810b8faf389f0864e75d12d4d8ad087021d1c69490d7033862c7702ebdeceef
141	RAG-hotpotqa-5a7324e055429901807daf8f	284834c614e3448c2f5b17aa1e13403dd4fbdcd3c86396a6e7d5fa2945511d3e
142	RAG-hotpotqa-5a732aaa5542992359bc325a	28550a93e91d0b909591737b34cc2810c67566654aea59c14bd657fff7b05649
143	RAG-hotpotqa-5a73090455429901807daf6e	285b98b0f881380273e719dc53c92d4588ae50f6d49e735f298b86db0ed05c08
144	RAG-nq-test1325	28bf4e3b70ff737f20117f06e12194983984480c4281904e13d3ce153bacccde
145	RAG-fever-103742	28e5fb7d53f4012a86abf457db71d54f02f75c3de92c19b7da607975600ce325
146	RAG-scifact-1024	291be9bd52bfa9085ef87ce8bca341aa4a297603e084f544cbfc0e1f6b06a978
147	RAG-hotpotqa-5a71674f5542994082a3e819	293fb205dc7ceb4f746e31ea97e05c68edc5b6f1202ceddc04e2c5c6376c3947
148	RAG-nq-test1210	29469e754f3d8f33e0dfc66d133ecacb060ed85941aab1ee46bbff59b8b1c8f4
149	RAG-scifact-217	29ce5505a63d6f0f7796ef9c756875713860921eb9482dc12fd8bb6d3aa19c74
150	RAG-scifact-129	2a0c4369abe0c1483ddd6faae9e60f4c6b1aaf42f1adb42137d126766f3531ee
151	RAG-fever-104031	2a1f69d21639fab3b4377e2145c35852c345c49125c62633cba3bf75606090aa
152	RAG-hotpotqa-5a72bd0b5542992359bc318f	2a22ba807c12a55562fc6c6c8b3c66a0e9db9b3c07a1696169706c60b37e6598
153	RAG-hotpotqa-5a729e7b5542992359bc313d	2a75d86d6d5e51fac9b75ab2ef63ebe028e60e336f0bf408fdabda8d9cd5d3c0
154	RAG-hotpotqa-5a7319e755429901807daf86	2b0796f19fc9c46aee3daa010b0cc34f696e6aaa523665f85a391f8ee81da096
155	RAG-fever-102797	2b543c92aa1dbf11b1e4f5f3f84a06e4363797f83af7f3e7474e77bf6c410dd5
156	RAG-scifact-1021	2b8d1a5dcbbade8bdd2f41b78ef3c11c33fb37e9fdfe5ccb27b4c88629b0ac27
157	RAG-hotpotqa-5a7119f75542994082a3e58e	2b9a12b3572686e3a9af1d986b14922926d52efa2227ede9439c4a1ae9f79a8e
158	RAG-nq-test1319	2bce6acda239b8322a72974a7d200319b791f643f8cb1ad5c760a7f88dadb7a3
159	RAG-nq-test1096	2bd6c66e2700617618331578bb548b300e79b93005619f77c410e8201cb043aa
160	RAG-nq-test121	2c429d22e06fb861939c587ea18fdac8f24c7694449c83a148498f4a52240b2a
161	RAG-fever-102003	2c835bf02bc814647667475821faa503736776fc832da9656771f94b5944d8b2
162	RAG-hotpotqa-5a716c415542994082a3e827	2ce019e673bd9a847ba317d7c0208d2b5db9cc7d061eaad02fceb4d7698f7f81
163	RAG-fever-104547	2ce3af0c6c0cafd8b9c6e19cde55d2dd83dcc9fb37cdab71acccb9f38122bb3f
164	RAG-scifact-213	2d136f3c0d903b9bce0c5bfdcc4f81ebe65448abdb9d1175510a2a6da49fb3aa
165	RAG-fever-104380	2dc0ad711cb1847a9f039f84f7f453ef1a884300fb444f0e64c4ee379a3c6d1e
166	RAG-nq-test1061	2e393a4a0d17c92f44c5c25752c143a56f7e9df72bcf72a8e406442b4a42535b
167	RAG-nq-test124	2e9853c1521209d5d7e6e97fbf0aca5b8af79f72e8759066017aebeadce22262
168	RAG-nq-test1247	2f07a8343333637e1dbdcd654a36729be26014f31b8605f9fa43abc58b629580
169	RAG-nq-test1156	30299099915a25163052cd955175c7801518f2f4d40a31d1359bfffa12eb9f9d
170	RAG-scifact-133	3034ed2f5ad5a8c825e9dcda63da799f9f937660824100a89ada73d89ad2cd30
171	RAG-hotpotqa-5a7145d55542994082a3e73c	3070410acb72e827eee614dae55ef78202e4f841261dccd87e73389f5b81069d
172	RAG-fever-102789	30c78a9aa5a3212983dacd526d775f6d9f9d9ac94898c1824eb8be9eb3f8a295
173	RAG-scifact-1020	3156c04cb7c4191f786e533e85f76057b31f0d3d1565c764a7f5a2320f8a7ffb
174	RAG-nq-test1068	32fe2a42b16c743148311f5a8fd89857a9af684975852076cd9c1d2c8e9eee30
175	RAG-hotpotqa-5a72224755429971e9dc92be	33344598a34255891088aae2efd99ffebfd5c3abd4a9f6310be2127c06308e67
176	RAG-hotpotqa-5a71095e5542994082a3e4f3	33605eba94c0056cd6ba1c7bc836a8282c3cd1059898c8a7a0405d050f984725
177	RAG-fever-101883	3383c7957de90d1a01b3de0e04749bb60b18e40e50cc2a7e177149fb88d56ee3
178	RAG-fever-103509	343f498601cc2bab9eaadd7475bb15d498764d0db84c23a3d546b3a04b70c390
179	RAG-fever-101300	345c67ad6804a91dac2c2b12a7d7ae83aa953262034b72a97c749c02bf6a9b76
180	RAG-scifact-1200	3486b3b3227df9614ebb2d18b65d6d3ee28bcbb88a45dafd5f9c3b71a1f83699
181	RAG-fever-102120	349e7abf435617171862c0554087d4abed751e365be423ec90bbf7b9d431d0d9
182	RAG-scifact-1132	3567d8f8f77d9d0c1536b241077c047b2c758cf64e023be3259f970b268f3cbd
183	RAG-nq-test1064	357b016d71c2c77beb265e64a14b5f7f656f79c8d92fe70755588705b30e025c
184	RAG-fever-101473	35bfef8cdbf296928292a26c476421c1f0c88a2488fec25319884f6f0208a4ef
185	RAG-fever-102911	362beb5d5b33491a2d9d66992d14893885ceb0dd7ba31875c0638f12e9f94447
186	RAG-nq-test1089	364df8ebedb8baf8740c4e106dcfb8a3161312c01a4612576d429fea6b93585e
187	RAG-hotpotqa-5a70ff335542994082a3e49c	37abe4898a0499e75d0310be305297f06941cfc6818fde56f372bf10fbe35964
188	RAG-nq-test1122	37b99a47f79e818b3ff0daa1b123702d98b134fb9fa84c2ba22b1376d4153321
189	RAG-hotpotqa-5a72f0e25542991f9a20c5cf	38323b024e4b2237ac1a5edde587286323a1fcd0ace53cf21e1cd1f2d676176e
190	RAG-hotpotqa-5a7243915542990c210a4086	3861d4e1a5bf7872707cd16b7d2e78754730c78d4374cd30303bbfea450616ef
191	RAG-nq-test1295	38dc1b487aeea41501a7be8dd2cae8caa0734d38180f43f3dc4d880c21211fc5
192	RAG-hotpotqa-5a72f1cf5542994cef4bc414	38e5daaa014da7542ba74b2e4a96d473b89cb52a3a113924566c43e17121499e
193	RAG-scifact-127	394c7f8b55e1c5b8b9a220fec6dd8a00c1fd66fd2a11cd0ad5723b5d19795f8a
194	RAG-hotpotqa-5a7283355542991f9a20c4b1	3a1bc55b69904bd955dc71a68dbf90691f1d5e30c9a12ab866d3fbadbf99d06c
195	RAG-nq-test1301	3a25db576af7123865178af83df0fd4cb4aec3ff107b10370e25fd6c2cac34ce
196	RAG-scifact-1197	3a90404a47c78c6e27c2e31d7a7ec0aad5e66ad7d7688495fbdd3bdce96871f0
197	RAG-nq-test1101	3ac028969efb3f30882889afd60e5f773a6c66758c49f5aa3af5d9932c154daf
198	RAG-scifact-230	3b0184a1e837ef499557c1e5133e64f607348d54169cf6bf1eaee6191fe6c9c8
199	RAG-scifact-261	3b72a634e70454d55e731c5c549a29a56e9f9dc7936d7393a756ee1390ac2cc2
200	RAG-nq-test1073	3bb6336a39381d9e4100a93cecf233257f26b139a4f474cfff6a5f6e5f78c077
201	RAG-scifact-300	3c0f892ab637ef7d699bd7806db1d959e44610ebef6fa6847e695204c8f8edc0
202	RAG-hotpotqa-5a7180205542994082a3e856	3c37c4b8f365502805b4b88a4e69a8ccae5b8f2a66b0c88671cce0dc2b5db967
203	RAG-fever-100659	3cea62e40ebaa45f6f86045161e4196384c115cd04ad3cad4e2b238bfad6c6cf
204	RAG-nq-test1041	3d01cfca9a157f0f26cd368364d4bd9a6fae51ba38ec381b9c3a5263bea6d3f9
205	RAG-hotpotqa-5a72a9ab5542992359bc315a	3d998fe286f17580e6f6f0e3bf1d956ad01e25d1d3f07fff002d998e9f74404a
206	RAG-hotpotqa-5a72120e55429971e9dc923f	3dcfe736042f7753a9605a2c55d2dd63638a3241fd715b5fcee99079047a400b
207	RAG-scifact-295	3dfa9b50aff5cdceb50600e01a026b89ec4df81b3764dbcc1af1dd13c2f00ef4
208	RAG-scifact-233	3e541b5d98a810928c258bb09b42ade888333711c6fe5c4dec3712029023772a
209	RAG-scifact-1279	3e6db1e87d80079ba59ae7ebbbe883dbd84abe92566e6ad3e9882be071bd277f
210	RAG-hotpotqa-5a711cb45542994082a3e59f	3e7f89c2ad8ad610f771a3828e55df9ea0540435ca2fe8611e0da5c2eda24b1b
211	RAG-hotpotqa-5a727e1b5542991f9a20c497	3ed8917badd239b54cd6eb6a65292886cd255fec56a9521396ccb48c06f0b655
212	RAG-hotpotqa-5a71474b5542994082a3e74f	3ef2a3228cbfa27e7a47a0c77ac416b2733f9d653c8280f56ff04269716593ed
213	RAG-nq-test1322	3f9d6199736ddfd86e51a20d5fd56cb4f2e7c4b51eea80b5ebb52d56d2a9c314
214	RAG-hotpotqa-5a72e4375542992359bc31bf	3fa9e9512f5fa3262073c0a69d943999b6b7e57726f45834fa5a814f1fd24e39
215	RAG-fever-100487	3ff57760e32301ca96f0bf81f34f351269e43b300a045b486346c763f3a968f2
216	RAG-nq-test1172	3ff8903d107ea9181e5da691aa30503b0ec578376b1ca61466baae04f873d878
217	RAG-fever-101668	403b84b9f27cd21ee6fba40fc4c108a2061616ffe7041160b6d0200561145612
218	RAG-scifact-314	404de03e6cbb5964b44eea23c140f5a8cc43f5f6ca8da9521a51c70dae884381
219	RAG-nq-test1114	409be0afbe40ef85f9bd4760a0b62d408d2667b6c1d1f4945af3e7fd7b2d729e
220	RAG-nq-test1076	4339eb7c46909cfa5cba08ae34c1e42af20fd5692b886987bf211c7da27336d8
221	RAG-scifact-1298	435951a6d51fc5a2472f9ae55533627109b3e8213bab4f01b8777d1b859cdcbf
222	RAG-nq-test1222	442d1533b94b5cf54ad7f4778b01d1d5009d6d80998b1242969c2e7f0557a9e3
223	RAG-nq-test1	443ead3c9402a2018f99c05303f34544b7efe1eb56119438ad704fa3b072690f
224	RAG-nq-test1299	444a7a21b6c0fb74488afdd2bd3d3dd84a8db332cad4050716a5541026984c9b
225	RAG-nq-test1276	446b74cd02736b032d15e6c894c4df161ea6616785575d129917eef1c9bb1074
226	RAG-hotpotqa-5a7211e655429971e9dc923c	447a2c4230f3578224c2c931fc440fb04f02a1299c58e7adcdd52f3d92678487
227	RAG-fever-101656	451488026573194b9de4beb048b44ff387e1256c4c0ff63e6bee700948f0e338
228	RAG-hotpotqa-5a72125055429971e9dc9241	452b5bd36daf8cd89a1883d41fce61e34662c81a2bb21e000bd410c46183a820
229	RAG-fever-104298	45a511f17f7d0bcdc7a2dea2da49eaec9704c833c76c68db4039a731d5343308
230	RAG-hotpotqa-5a70f4695542994082a3e435	463733f379b54cd08fb4c48ac4bc60bae271d0ee640ac66ac9d41fdbec656a27
231	RAG-nq-test1320	46f117067041d5730c822177c265738c38e2f589352881fd2f81febb937a12e1
232	RAG-nq-test1286	46fc53ed9d2fba5ef8252e788707eaeb97b926e80d23fe02416a6c0d515e7181
233	RAG-hotpotqa-5a72f3a85542992359bc31e5	476dd6182dc4f43d13e3e30cf5ae4ecc7ea2564d169e2a9e3e686a00d808ed4a
234	RAG-hotpotqa-5a7291c35542991f9a20c4f4	479582b49a8f9927df5aedb0ca282fbac2fb0b5d9011c32dfe8a24f4b8091cfc
235	RAG-hotpotqa-5a729fa15542994cef4bc397	484a8cbb3c3dd11fc3c6be7e23a5614668a773afdd59d13e3b261c5f81fa21e2
236	RAG-hotpotqa-5a716eeb5542994082a3e82e	48d196ef9507541de180024bfbc9ceffdc7c5fc72c2c8eea1430645cbc51b30c
237	RAG-hotpotqa-5a72953b5542994cef4bc357	4982f4f75b0c9aed6db5b5a904572c6b556d63f0d1747be758af6fe1c1904ca3
238	RAG-nq-test12	499b4919ca336faa5724b05ff50db2d2334764b2a9e1a64d3c33cd7280bd8fe5
239	RAG-nq-test1315	49cba5b67c62905261fcd8887a0074455e58560579668c4194c16bbf4306dc81
240	RAG-hotpotqa-5a7133fa5542994082a3e660	4b04454055fde8fec159fb85e4b7c3c360c5aacfd7378d60696a6a8ad32c802c
241	RAG-nq-test1237	4b153a6769ff72a5f74c4c64746adbdc17c89239fda2c414df8974555fb3a874
242	RAG-fever-104017	4b79dea2cda377c8ea0fdc139142e01f6d54ee33a6b269a597efafbcdb4d0754
243	RAG-hotpotqa-5a7148685542994082a3e761	4b8c86e9ab0301a37925b4349e7c3180862893da6639b03a80467494985d00c9
244	RAG-fever-103051	4bdb9cae2ddbd8a962c3597e2cba442472babb68cc3d30f9125763e07db14f03
245	RAG-nq-test122	4c28fbe9afda2e95fdbe619d4c7a26442de2c3d88bc5d6ac6d46ff5b55f5809c
246	RAG-fever-102528	4c83f0b6b09f9db3b3d8b7c614fd93f3dfe6f3d50da153f8b4f7d0ba42d2184d
247	RAG-scifact-1199	4c8796a9deebba7f11233457527684654de5e6ae3010cfe364f8d6edeba2814f
248	RAG-nq-test1104	4cf22347d407795e5e1633883cc4b34179fd3d2f6dc252cdf0758e8260c1b613
249	RAG-fever-100320	4d67c3816b08d3e7541e8d5673b6e7c4373cd68ea952487f93046664ef5033a1
250	RAG-scifact-1107	4dcae8923700c23702dd351cd8b80780b7a022d76879bc61236188261268e855
251	RAG-nq-test1215	4dd04bb3465fc27452174a82e577c01b2f297c12755d0fc160560ab6052cae87
252	RAG-hotpotqa-5a72a9ac5542991f9a20c55f	4ded9c19761b173aa2376805c5d92fff988d6db4d6ee6d02a2d9a133bdc987a0
253	RAG-nq-test1274	4e81bb2e75eeb3761cf67034debcc896faf59f8fad6c91107f742e7607d4d932
254	RAG-hotpotqa-5a72a2935542991f9a20c546	4e8a8123e64b6959c3e31bbdcec275e6f236a4d1dac9722a0585772aa443dd9f
255	RAG-hotpotqa-5a712e895542994082a3e636	4ef56debd7c09f5683e7e39476076855b4f86a3d063d433ddc013fdc5b4f2a20
256	RAG-hotpotqa-5a7280105542994cef4bc2e4	4fa9899c0730a57c40bddfc09b901fdab8ea6b14a37113ffe343d3a81bd9bd90
257	RAG-nq-test1083	4fea28eb2c650c4c67d6b1e58cf41b83d4d78f0097a6458a33700d001282cf75
258	RAG-scifact-1370	506e89bb9b055c730eb94103ddf16ebe2f7bcd4ab7de962cf67509bb8f55f23b
259	RAG-hotpotqa-5a7222b155429971e9dc92c4	50b5bd44aa1adcf219ce467087ee717cf5172e8f29013e439efccb75eb56546a
260	RAG-nq-test1208	50ee6a9c6113e7c5fad8111bd5fe7645ec351a775e43172fd0375111ff122ccd
261	RAG-scifact-354	5159807542f541608a3a186864712c49944d291f0cdf291a24fb27b48a955249
262	RAG-nq-test1216	515aaeb2f9beec1aa0a4635146de2746ec6ea2681d135013252fbba8b4d1bc11
263	RAG-nq-test1059	51c7294c8cad3954361b591ba4053274c14df94192e32cae46c72aa4ccad6de1
264	RAG-nq-test1026	51cc484325a6889759a7338458af58f4f59a0328d5fe0010a9d08c864b635e07
265	RAG-nq-test1020	51cfc89b4d39d33a01e8f800f4ef42e7062e167b1a17f86c3e3cbe3a4f2f7e55
266	RAG-fever-100852	51fd9ae778c760589cc4cfd34df66dda4abc4ee20548aa42649970328fa154c7
267	RAG-hotpotqa-5a7293655542991f9a20c4ff	521fef6a72cfd743d7b82bc34255cd0045d6d92cd1b95bc69fcf55f85a9c1f50
268	RAG-nq-test1075	523162e7d5b8f873aa9645000f8f18aad2ab54264eeed896e040d3e5272df357
269	RAG-nq-test1004	525a3420c3b4b9be62c26d30f6fba47c900b7461fb481007025c7accc027d65c
270	RAG-nq-test1072	5267bdd0a262482805eb81d06a5cd61e9cf0a66d52cdc915cda6a769e8608f38
271	RAG-scifact-1196	5271ff6ad83aeddce8ac0e24166849ccf8f67c3684c25578ee45ca3d3097b145
272	RAG-scifact-1062	52876dfc6210fa3010f9f819fe4729a7072746bda5c5f77fcef48669815d3017
273	RAG-hotpotqa-5a713ea95542994082a3e6e4	52c5e1475d5c344bed873f9838a9c9781c111ed1b2dbdac9cfc48cc01edd4e9f
274	RAG-hotpotqa-5a71717d5542994082a3e834	52e84831b25854218b9eb51679de00d6ebd4a00108c7a8b90d77630297085d7f
275	RAG-scifact-1273	5391716efca6ab8e63ee0c9a841d9b09ba2cc78d4bf01bbf30e003b49fc84001
276	RAG-fever-103167	53abb6654476f9a42a8bc761fd503623c6a855c056059a287159e5fee7afb8f1
277	RAG-nq-test1287	546a82b822d437d04f194e189520a3477c50daecfa5d4bf907b909efa8d909d1
278	RAG-nq-test1198	5475c4620cd3b0301f3e5c92bcdd132afb046c9e99dc8c05c6cc4e0db339b4b2
279	RAG-hotpotqa-5a710bb15542994082a3e50d	547b3495dc428ffe95aea9be5d3344679acf7125d9c717443c55d4ea9809a087
280	RAG-hotpotqa-5a722a6855429971e9dc9320	5521f2cf8a5a20de67d2177e3c9520b4bdfec47b15143968b8586da69e695583
281	RAG-nq-test1054	562fba64a04a9d18953b30c84bf4e23dc4273f4ca50947dca4e35ec8d3e0e689
282	RAG-hotpotqa-5a72abb95542992359bc3162	56955b55f3384783f169a03b0db9a8cb2de08f92542386e52d24ea25ce363ee6
283	RAG-scifact-248	56b1911670be9f304dac4c5d3efecc8421e478d13a72918928ca587e061bbb04
284	RAG-nq-test1304	56cd0da66d1aa987e0b4fdc539542039a786d0a80390f49da2d237d738dc1f26
285	RAG-fever-103840	56e708e2022e9dc96754ac184e9e402a2f4e680e372c5365072977c38952dd8e
286	RAG-fever-10324	5705c5aef11bd6fa940b4e0475d4f0f1e5525f0d45020e9bc6b648305dc9874b
287	RAG-fever-104205	5734fbe4e106dc0d5fde8acc414c72511d28123c3ffaae8da8f65b4703484e59
288	RAG-nq-test1246	5763fba91e90fdce144af97f93c865eda32b002687968535db15c19a7d337aaf
289	RAG-hotpotqa-5a7269fa5542992359bc308d	577ddcf05d4b1ddadd2ac89b20c236acc81cd0105c20a1de22a174678bd7d79e
290	RAG-nq-test1278	57b909f3edce1be91b8bd91965e8a3bfab60bd7edbb68da3b644c96183c88381
291	RAG-scifact-1232	580fc84db5066d590285a73fdaf4cf91c9191f37375965b597e97b9ba00e3ac8
292	RAG-nq-test130	588a2ef0434e7af158a2d2a6a2ee1693734d3d1ec9843cbc15d72c6b69433e8e
293	RAG-nq-test1175	593a569ee8e1fcf097a157f8c8f0bdee05e26c4abf20e5c807650a06c1c417ac
294	RAG-fever-103709	598013deeb401c0554dc1b8530ceb535ee8511560f596bab558bea879254f8a5
295	RAG-scifact-1194	599211eb9197c808c27fef53fc17d73e1de4a1fba6cbfcfb8cef91c099964215
296	RAG-nq-test1129	59faee7dd8621dff1b260e56418c3b750279176aada1ec17bb6f21da25a0e0e2
297	RAG-hotpotqa-5a7149cf5542994082a3e773	5a5ee0d3741f93b6b05b3c90261f37af35a31af2d3e607bd3f597067ed55e51f
298	RAG-hotpotqa-5a732ab25542991f29ee2d25	5ac0a6b8a2bc9333862f7678978a6f71b9954362c46fcabb6ec19166110b727c
299	RAG-nq-test1289	5aedf5f3055e5034673c9cc68651913cbc334725090e5ea4fa750e5bcf6e3369
300	RAG-hotpotqa-5a7265815542990c210a411b	5b0c64ae516ac03dd7dd82c1295d24d8774299b9987376f4b2ba018d044ec0f0
301	RAG-nq-test1264	5b6a61df092f8a78a0a1412e03652c00f63b50e42b084a7df355546a0c3cc266
302	RAG-nq-test1090	5bd23cdbc7dca180014de7ce2864cc4dbaa40c900394c7254d92269d6a659126
303	RAG-hotpotqa-5a7220f055429971e9dc92ac	5ccaa4846c0636ea004b7c1fe1c5ebe9ddfba6ffcd5ab5f924f7244a66546512
304	RAG-hotpotqa-5a72830e5542994cef4bc2f9	5cd08ca8842d61a79564bc9a00ff535788c7b0f4cf4fec3be735479c61b6cc64
305	RAG-fever-10451	5d4799f622709af56d3d89b7651c99585ad7706fd1c54142a486fa723220e4e8
306	RAG-hotpotqa-5a716f575542994082a3e82f	5e31d50dd6aae5b7ffabfbc0f4230465f1105db408410074d5176554e9dc74c7
307	RAG-hotpotqa-5a72a3c45542994cef4bc3ac	5e5c93de1ec2c2efe4f294ef785c52c2eaa5a29839d618b58f42e63e6f205208
308	RAG-nq-test1162	5ee0f3fe3da9e3e5422918258c2652d51e29ad3172af3d57c32b8e44156e5bef
309	RAG-hotpotqa-5a7199725542994082a3e88f	5ef6e39a2f5ce6c4f7d9c1773993dd299d7da95386c1675783498f5881bf25dd
310	RAG-fever-101014	5ef9005125ad9db8303f320e2ca1b64426f52a9c00a559130960b0074e2d8f3f
311	RAG-hotpotqa-5a72908f5542994cef4bc33b	5f044f5cdbff63a13048c307df1a0529bb97a04015dbf51cf0a1620b5d18cdb0
312	RAG-hotpotqa-5a710a1e5542994082a3e4fd	5f3fde4074817b294a566e67beb53233c9c735f1ce46510c4e022ffbf04e7700
313	RAG-hotpotqa-5a721dfd55429971e9dc928b	5faa1731b4677ec61877c5065a4b512814f7cb451d676b18f758971949336475
314	RAG-nq-test105	601015b0e9fd21fc1318b59c12355b9685d9747c18a8f6defb049cd46063761e
315	RAG-hotpotqa-5a7182b65542994082a3e85b	6090ccc6f60b8b182fd53f6cb2b4ce5588c4a4098f35c103628fbb44e3e5c39b
316	RAG-scifact-1110	6111f01d47cccb14a08962ce42d13dfb0a44a2dedc52e044df0d78298f2aa4b0
317	RAG-fever-101932	61907b5fac64b1412e8e5a402287d80dd5032982bbc4b90452b745d1b1c11f79
318	RAG-hotpotqa-5a7119095542994082a3e589	61d240bc4f62a1604309577993dab97be4adba60d2e1e946e450b84b52b343d3
319	RAG-nq-test10	6243dcc85dc055fead8b2c857457aad99d2592b58603f32e9886096c3a47a5ff
320	RAG-hotpotqa-5a7183575542994082a3e85e	628c0eacd124fdcd568ac67f2fbe4629a89fb12bf6cb70f22274c923db29163e
321	RAG-fever-100446	62e80b1b1363c7b0bd27a6b5bcd8b12a80765e310ec9ba0790791b4631a126ae
322	RAG-scifact-1362	630d3a8b99ac8cf2504b3c72ff288fb817af3c53561216a4ee6ec464317afc33
323	RAG-fever-103234	63e7d211fd8b2437ece9f4da3bf7bc57ddda08f45b01480cf6690571ee331afa
324	RAG-nq-test1292	643b0d3a9e0504812dc25da827c783fb90bcfe15675ab054dea483d6d5343f99
325	RAG-scifact-1281	64ce6ddaa8f59e8b8771e49edcc4cb95c26eb2a594201e25e412e2ad8a527de3
326	RAG-nq-test1016	64ebe29c99ba0840833320e86d058d0a9170f35e005278154af80284cdb566db
327	RAG-scifact-1100	64f10727033a68d74246d9137e424b8ffa9cead71f2459f868c6695ca5117b34
328	RAG-nq-test1081	65172ecb43fe8c8216ec85ddde1c4a030065353d1da01afe887b7c8f834fd156
329	RAG-nq-test1171	6530a87bb600b47f8d50e2af82ff50627d91ba15b8dd107380a142cac5f60c42
330	RAG-hotpotqa-5a7284c85542991f9a20c4c0	6564bdbff82de5c25a1d35530bdd2cf72af6763edc19948a6eb6eac996c0241a
331	RAG-hotpotqa-5a711c535542994082a3e59b	658bf8eac4279bd37dc29232d4a6ddcbf5c863d07762bc8b77033fbc7d3c0684
332	RAG-nq-test1290	65c54b56c3a1bb8f3e34caa167aadde3441dc4d2e13bad84066b264a365a7fe5
333	RAG-fever-104703	66ae35ee8c34ee252163f6e2ceafa00040e2dc4a2aa699a7d3f78424c4607809
334	RAG-fever-101176	66c0781e93f3823dbffeade768138327b56e482e6f034b0e656923e9c191db23
335	RAG-nq-test1317	671d75bb9cda5f63040a4d46e32b13e2947345b83e6204a243e905567882587b
336	RAG-nq-test1133	675772634a4958b61fdeb94ef1fee96e7e2c6d3963c058d5a1f0c2fd8f59b0bd
337	RAG-hotpotqa-5a72a4645542991f9a20c54c	6759caa653d00689625b5e7b4d77459bd1340729371a2a5afd670aa5878b4394
338	RAG-hotpotqa-5a7137dc5542994082a3e68a	6791c32d73ed1e18dc04dec99eaae83a06424e6b8f0a437c4bf50b2b7419d7e7
339	RAG-fever-100145	67a6e1052b173271218693de1160b9b8ffeb8380f34a09dc314241953aa25439
340	RAG-fever-102019	67b8becc3bddc1305e85185dd6a8a99525a67765690ff83fb2bdf06ab4454ac9
341	RAG-hotpotqa-5a72a47d55429901807daf1f	67c9738c04b3267f43f7cecfb00a29a1c03060adbd44271b1e409aa3d1ca420b
342	RAG-nq-test1117	681910868c2f1e9959686cfe50699840fe4dcb537f3599c1eae2a9bd360c3aa6
343	RAG-nq-test1209	6886837663d98ebd18c7a0b4174841790485c1c0ff810e06cf1d3d84e3bb1f20
344	RAG-scifact-1282	68bb0e5ac4940b43121045c09ae0dff5f98d84016c47c5d39ec3f678ec68a19c
345	RAG-hotpotqa-5a7108fa5542994082a3e4ef	68c6caeef5105c8643977c9caa2e734f09f1ecbf14bcb170af1d2007e573bf95
346	RAG-nq-test112	68fb5160edd28b43b5996c07924f1cc5362a36c83043e1ee26d32ce18cad347a
347	RAG-hotpotqa-5a728f505542992359bc30f5	693af3d7cb84a0c4edf8afee45f7371549683d2458484c6d12d22081da2742da
348	RAG-hotpotqa-5a72f45a5542992359bc31e6	69ae8b8f2a909253a736a232d21b43f2d4e02cf9a97cf847cdd004c0ec8183ae
349	RAG-scifact-327	69ddb82f52290e4d98678990f9ebcad3388e9cff85ef173e401cad13d285426c
350	RAG-fever-103116	69dfac934c59833eacb7497f2be7368a91a37a7602502018cb5e9890160b5cc7
351	RAG-scifact-1140	6abbe54cb173c8945527352cfe80b2e8020b58ef82a2b575c0b700ef0dc5ac78
352	RAG-nq-test1189	6b60cd98b2001e300a20f22f1c640e4bc99091620b8dd7ad6ca61a9d5b6a1660
353	RAG-fever-101552	6b882184ef27bd73a753e2c5cbff7b70d6bb8bf7aa86d2c32a2da21558d0a5aa
354	RAG-hotpotqa-5a722c2255429971e9dc932c	6c428f9da7445cb5198eb5d02ed93c006937a36b76c382dc01db053fa1f9b9ba
355	RAG-hotpotqa-5a7125b95542994082a3e5d5	6c54bf5aef47dd225c6802d5aa54344f2e715a6867feb75897341b355997849f
356	RAG-scifact-298	6d148af50b80b225f699b922224ed773c8830b7871dc90e536469e43a6e2a034
357	RAG-fever-104677	6d36751753ea2dfac5185035e21d546473278ce19f4407a37ae8db469fd0593b
358	RAG-fever-101821	6d61b20c102a75566071715d7f72212890450d1b6a27482967c49c7db585a2c7
359	RAG-nq-test1195	6e15a387e03a26a8f4bd7108c177d7f4283ccb25e46aa98d15386a490905b607
360	RAG-scifact-1245	6ee76b29829b1b0896c3799825448fa44a45f08cc52a84f369b87422307b333a
361	RAG-fever-103307	6f35854a904b8d85540b30b8dedf47a56d545ea27de1047f1c9d13035169db75
362	RAG-nq-test125	6f5e1801a01e0b45c13fa90e2f9951e9a6c3970c3f5e8d8bff88d1c7ffe4373b
363	RAG-fever-103545	6fdb7ebd0b5e0c8a513c2d4d8a23f53e59001fab6c7c9283ddd30947336f8d8c
364	RAG-scifact-275	701c1e5dbbaeacd11c447c7ecd377b43d6c6f1e23257ef9b170eab3365db776c
365	RAG-fever-100261	70442d1b59a6b6bdc062a3cf559211d993e5f6343b2d09914e47bb83e5406f1c
366	RAG-scifact-218	70593550b3f105e058c8c4a12c8329c56bd4fd3f7204a3998ad327263d7aec00
367	RAG-fever-100615	7063f71a6fc69994a5419de82dffb7cf38897b24e5ee516b91c245dd8b5cc346
368	RAG-scifact-1089	713d249362a6b64137076d55f4c01eb03d2cede54ef3eb88d40707be4698cac0
369	RAG-scifact-1262	715a0f27d3f783829292513939be6d6c04e3d423d573f7cdeed2872de31ea848
370	RAG-nq-test1288	71d7e2bea1a4208d546ceef503374c84a5ea15d3005234c87fe04441c28738b7
371	RAG-nq-test1183	7222480a8370dd8a032af505fb8fb985a540f704f0bdd79d4a561f4acb917340
372	RAG-nq-test1263	724561e8186bfda29a9c0052ce20eedd3933d6d6e761c674d701f75bf28bec6d
373	RAG-scifact-1352	7246b2f16af42a1daee414713a9ecc65b7b3420f31d10fd4c5cbdcce42b9883c
374	RAG-nq-test1227	730d32b23e53df9efb06e9e2768d610c714bfdf9db948731cde020671638d74c
375	RAG-nq-test134	7411434da012e44f432316b69a27a83b0b6ce59c344eeb32621f41e52bb18f35
376	RAG-scifact-180	745fe584058a8a7f92e474e2a28ef05d01043b1052a4a5cb4d31e64bac512b39
377	RAG-fever-103757	7467d86a6df10170017b59c07e1ea7b4f05b6bf680a6ef2205e433d709e5c7a5
378	RAG-nq-test1126	749d3758346a3cf3992b30678f1d16e8099fe566a9d246937a7b2ae7c4a35fe7
379	RAG-nq-test1136	74e433b6017c9fe8679035c770be124298c068e938d56fb2ec41e25df5e6336b
380	RAG-hotpotqa-5a722fae55429971e9dc9343	751c3120316578cbdaef31cf1c6c353544660ed7131ce7d627819393b0e8e71b
381	RAG-hotpotqa-5a729cc25542991f9a20c532	7560090f8c036ba41888030b3be66eb6bf06126cbc0f1c6da1c26e7c5a272293
382	RAG-nq-test107	757d468b92610c784ef21a6640b0d01d0d142aae570252df55f7afdb17cedc63
383	RAG-scifact-1368	75bc6991c6c89a26efc6a92807338dc7eb4fec26a3ea3e769604cc374b7f004a
384	RAG-hotpotqa-5a7323ad5542994cef4bc476	75bd798d182affa19f54a9f29e94c66724ddccbfe8b2ed6b03ab1195be1a7a82
385	RAG-scifact-1316	75efd7c2d0bca999404f77e5e2671be6caff012b662648412d4a8431d2f44011
386	RAG-nq-test1182	762e5d2b1ffa3b56b8c512cd3177811115f46f6cea4d58296847ccac6d236a76
387	RAG-hotpotqa-5a711ef85542994082a3e5ac	764fd8b929c947e600f79fe673574c27389b2568a431a20f699849cd21618ae7
388	RAG-nq-test1178	76eca546d31da5a453b55dc3a30e7e96b173ac1d3d49d28d4b760960864bfcea
389	RAG-hotpotqa-5a70f6425542994082a3e44c	773916c0632c9bc7b13498424e479bd9cd9a2430e0f5281b07575856f20ff174
390	RAG-hotpotqa-5a72ba1a5542992359bc318b	7853f58555d358e3345ab871af1a3facb91ae29e4eace28ec784cdb23078da1c
391	RAG-nq-test13	7857735ecbb864bbe7a379bc2398946053874e1d5255b531ece3564db9c08cfe
392	RAG-nq-test1220	78a0340e52f2190f92cc8ca8d8502ab1a51230e357fd31fa8c141f0866569733
393	RAG-hotpotqa-5a714dea5542994082a3e7a9	79311cbfc4d3e3a9c190ef68ac5d7d08198daa9e4e0d927744ecd095b70aed26
394	RAG-nq-test1214	79bcf49bd55e7adefcad54ed6c7b45dd37f87d56f402cb3cb5315cca0d408b97
395	RAG-nq-test129	79c1b68a7e11e78b3075eea5181ac351ad01ae318e53ad1c41db387f38e35f46
396	RAG-hotpotqa-5a72c6565542992359bc31a7	7b54b027397379b7f6d77bb8738af4d6cb416edb262529fea1bdb6baa5377c54
397	RAG-fever-103398	7b7c9d9965103efbbdc4f7cb3b0c950bb9d2304003c92f55e091bcee3b2b9a63
398	RAG-hotpotqa-5a72c6f65542994cef4bc402	7c907f717b6f0b65c43f29b507a3a89d1030d80b8a59b7694145fc652e293d81
399	RAG-nq-test1245	7c95dfa9c374392aee182b6622fc581f89c2cdfc6a677b82d329b16f9045dfb7
400	RAG-nq-test104	7cc652ed1534a21f1b725eff20445d4bbe44b893c7b999e863b1f94e420e99cd
401	RAG-hotpotqa-5a714de95542994082a3e7a8	7ccbfbca1f1243aca660dd65e17481a6fb2ed52fba268085222abaa93a94fcab
402	RAG-scifact-1	7ccdc0992bccecd0c3d012c1a0cde0abc26dd4e545beb735c8652e38cb2def66
403	RAG-fever-102297	7d80c7e37d9149ae4033b7c3830bc9ea1484125c076cb5b0d05c9e611989d79c
404	RAG-nq-test1268	7d97f60870534693fee5f6425391e76a094c60167fe95eaad678169c96b0c0d4
405	RAG-scifact-208	7e7a82ebdfafe954ae86a6b867764a983e89805e69022bdd1a03526f17cc5205
406	RAG-scifact-115	7e8f4c35332f095e72d871ad1ec7d4adf1470744228e27be6454ed50eeb33b88
407	RAG-nq-test1341	7e99afbc071bd39dca4d2881c5aac7f6e9daf2944dce8776b7b81cd29f63c050
408	RAG-scifact-132	7f1ed93311fd3878bb9c14073f04085c05dd263f4a3ed85b8aac7c2c53317075
409	RAG-hotpotqa-5a713f395542994082a3e6ea	7f31f9563002098b16d6ee17f2dbcc6f2008357a96b4c30cd8df9c2e6be0afb0
410	RAG-hotpotqa-5a7329a15542991f9a20c65f	7f50cc75b7b534aacb155b45ae8ea7309b2ee85b2587085dcb42486ad13df432
411	RAG-hotpotqa-5a7143625542994082a3e71e	7f8f411baa376ce0f537c4edfc66889496716d643927671393f68ef10e59758a
412	RAG-hotpotqa-5a71299e5542994082a3e5fe	7fc11724bbcc7778d0bd73db78825285c62bbcf0b58286e8be940ed572050f34
413	RAG-fever-101845	8020d4df54938b0890f069e40fc82df8c2abfd4ce044d008cb17644a41c776ed
414	RAG-hotpotqa-5a72af155542992359bc316c	805c696575d2006baf614c6e8a7d52ef50d13f6bee27a610f3e06e5b5dcd28dd
415	RAG-scifact-1241	807cff0a82cecf2f5e10d10f868f93f0cb9643ecaacc172a9b668e79892a35bc
416	RAG-hotpotqa-5a7280925542991f9a20c4a1	807fafcf48660c80259e995de7663b3c9ae471a914092a138fb375c3523e6a38
417	RAG-hotpotqa-5a71380c5542994082a3e68b	809241c016cbcbf6447234ff3d3bf54023c4d4f5021d6cc89870d549dd2c8d36
418	RAG-nq-test1294	80c9489de502b85fcc6ae76ac08ee2782088967210fbb89d3be2e49e123ac22c
419	RAG-hotpotqa-5a713b325542994082a3e6b5	81db10b5f48c8f8ca6469301583f6a0022e5e9b9125fa05f45273bb95ab4bd9d
420	RAG-fever-103758	822f77251115d21a73c38e4897b0bbde5ced1241400b637bf6f0cd102d79942f
421	RAG-hotpotqa-5a7131565542994082a3e64f	82cb1e36855b1c5474bbbe6c713211d58d80407a10021f6b8ff19e92a1aaa71b
422	RAG-scifact-1014	832e53a547d6615b712fa0cea51ff2a9a290e022b4c603876b5e2d4ce9b468aa
423	RAG-scifact-1292	834d109ea382491ff17265e97edb6539bee851a88856acf31712cdd52ff40c9c
424	RAG-fever-100893	83ebd815bcae44d64772e02bb1886c51bf9f50bd59293e11f69feeb6446282c7
425	RAG-nq-test1197	84ab6cae7bac2cc8c502e1c98131d57d43b0a220f4d8663f899dc36526d039cd
426	RAG-hotpotqa-5a7195a05542994082a3e881	85d19510bb35404ed0d600f9e3214c703158faf7ffc0f55782e96e1453d71fdf
427	RAG-hotpotqa-5a73250a5542991f9a20c643	85f260b0ed46d254cc9f34144308cfa3d58b6a9bf832dab610343dfdc7945731
428	RAG-hotpotqa-5a72239a55429971e9dc92cf	868e9d86ba23dbb8b884e297b193677e27f4b6f4552bff7b78d9260dbc0f2af2
429	RAG-hotpotqa-5a7324205542994cef4bc478	86c3172487a58332557724d49b29974af215dfa43cf468653f8c2440c447b836
430	RAG-fever-104221	86f33df62faaa2ed2970f7e1512cecea7cd10d4f4052ca00833e38a69252a3c3
431	RAG-nq-test1086	873c2374e3befc13c1f003f9f97dd12bebd4deafe44a62cb5de5c56907e279eb
432	RAG-scifact-1130	87b1594041104dec0f0de87176fff13f45c72d586a6e9000fe99ab587a79ee55
433	RAG-hotpotqa-5a7100435542994082a3e4a3	87f68c6434f77ee4ce558266616b0255e7bc370879600c715fc092461c830145
434	RAG-hotpotqa-5a7292385542994cef4bc342	88197c53f9e19f2ca24289c4d348d77c6d7420110f9c54e6a852fea66d38bbff
435	RAG-fever-100785	886a603c0ee26e81722a490b744968e52225f74504d9dbdea77559bf2de2ab02
436	RAG-scifact-1303	88e4818cae8f804bf5620b15c0d356b889d5269229a535275844e230e1aeef6a
437	RAG-nq-test1049	88f55b5ca1a1c9ff3ec638da5d108d72dcdb45e89b39e27bd25657e00d3cf297
438	RAG-hotpotqa-5a72688c5542997f827839b2	89130d4568a0eedf4ccc583fd6071bfe75b6dcc7cc899ef98d6aa0ea3336f6c0
439	RAG-scifact-324	8913aa1c180de83bd778c945ff1ce276f2cbb32bedc3d2abe173bd11b4896062
440	RAG-scifact-124	891cc0be3d12861b4d6db4f8261b7049d49bc1301964c62e00b1b709eac9da03
441	RAG-fever-101111	892c497c6fda271c7ce009f1bcaea0324911ff8cf323c9f8c9fd7d15c385757f
442	RAG-nq-test1218	8a97823149326eca5ad4893ed1a7e89950f9c169cc27d39727fffc24f97c3768
443	RAG-nq-test1079	8ad6ede0e8ddf635de22b3176fb62b646f8349277281dc2ec45039aeeb953789
444	RAG-scifact-212	8ae3d56c4a8c2ac62202e4ef72a96260ece3793ae58c46976485194c9cd740c5
445	RAG-nq-test1211	8ba39c2ab8137a2e6a52ed8e1138b1b3e17dc94cf2a375d02c2bc30e259e6c04
446	RAG-nq-test1213	8be0ad27cf8b48ea08c4555adfeb15c822f3c3f8c69de6cf6f1fa688175a04ba
447	RAG-fever-100788	8c05a437089fa6eaa3bead2b9ac3d2316d1e6b1c7648d1c667d05a3291d14c5e
448	RAG-hotpotqa-5a72e28f5542992359bc31ba	8c1710f811cd768ef9b5c86d7e4292e6c39e7c8f2a0b80831aa7b26275430f44
449	RAG-hotpotqa-5a713fb15542994082a3e6f0	8c2d3a14ee34990bca96749bbfc06706bb75e222d310669023d089aa9cdfa2c8
450	RAG-hotpotqa-5a7299e75542991f9a20c524	8c78097b1c512272eed7705fddeca05aeea0899b01a39eb6e1e8ac2f09bbfb9a
451	RAG-fever-10300	8c791a9a4b6ae79d8eea44ba3a1b78a279920381dcc2f82f532c1fe889e29455
452	RAG-scifact-3	8c9233b750079c19c95f829c10894ccde43a1cbba03a0587dc18f3ce90b97fb5
453	RAG-fever-101027	8c9963ff2dd4b2a21efc4eca3a3e7007962d8a3851b1ef0b7335560fbb48522e
454	RAG-nq-test1108	8ca1b8235cd8cad0f0687d3aa2819b153f6ac06e7a846b3dc4bceb83102c7046
455	RAG-hotpotqa-5a724ba25542990c210a40c7	8cf122842332810a1f8c904c69c59b246e3c0e7a3d98c2b4782cdcd308b1e700
456	RAG-hotpotqa-5a72df8d5542992359bc31b4	8d36c1f6323ca14a42de02ccc65cff0157ec50f5376d15df22f1e2762c6895b5
457	RAG-nq-test1102	8de3b170b8b38c1b940c2a82dcd2bd04d6933ff3659e474a11e3f5113a4f490e
458	RAG-hotpotqa-5a7248665542990c210a40b1	8e41b76445a7f0ef4b7fd7cbde771e28c832dba3a7df82de8ed10bec0850168c
459	RAG-nq-test1282	8edbde0a5aab83e872cb1b948372e977b260e5ab869bbb19854f7b3201cfc080
460	RAG-nq-test1261	8f2047d65c8d211d9aaef261aac1c45e1aa6dd4f08048d01c3950c0c2868329e
461	RAG-hotpotqa-5a70f39c5542994082a3e429	8faa474bfe2de872cac9c5e86351b3730992623ff6e5eeab6c7b91f7c931b3a6
462	RAG-scifact-100	8fc59e1e221cb664adb13cd17681d2cfc5b9dbb8d2c204b0d3fe3acee3f8483f
463	RAG-hotpotqa-5a7147fd5542994082a3e758	8ffe0d1346f93f95506592c0b33ce00519aae72597e14c7f474d462a537e7c38
464	RAG-nq-test11	9006e244d63ddb7a345a312740632c87c04fc325fa4ef6a7057deb67c800bc45
465	RAG-scifact-198	907b54b243e9beaef3a55f44db4610a0e054105f8ca5ac9bc895d7cb42c5d6ee
466	RAG-hotpotqa-5a73073d55429901807daf69	90943b10ae39346b638a6531856ec4707afb5daa037fac269f6faa36d0062d81
467	RAG-scifact-1359	9098b9b4a751e5d4ef62d15d158b82640742df1c4af32bf34534d79219c5ec12
468	RAG-fever-101565	91b70019fb1977e695750ce750b93a0415e05742aef8a8fda7fc572175255245
469	RAG-hotpotqa-5a71278c5542994082a3e5e2	91bc0cf1c8e6dbb818f3cde5b3c0d3a8534027e282f46bcb64f8074d3878a10b
470	RAG-fever-10261	91c30226d7f629f49974fc3b46a83adad4bf44a7601ae09a9de3dac717dc2889
471	RAG-nq-test1300	91e4aba3a739d2b0c513b0415201f735336929a7e6373555505818a7b2785891
472	RAG-nq-test1174	9236058faa57d0c87180639126ea2cd00bf66222e268385d5ac39208a69638ef
473	RAG-scifact-232	92817093178e9b5338d3264d3965a1c0edc89b45b999ccb24a128611804395b0
474	RAG-hotpotqa-5a724a2b5542990c210a40bc	937389bdfd120d0b0b7106e3aaad7ee97667178c7ea170f8c7618b09b8255130
475	RAG-nq-test1260	93cc23c4ea29c7f62c8e819eab84d7c79d28ea71038f65dd2bd00fddbf5761b8
476	RAG-fever-104178	946c37f086a8747de07acc9385e27863cc7e0e145c51d2474e5598c89441e2ca
477	RAG-scifact-183	95182a577e3c10b4b311ad0aa10b549c744888fc107fa5b193f6fb15abc1edf2
478	RAG-fever-102540	9605987dd1d79d70457c20a017a6e9e2447622dbc1903e6e1424f25fd252e6b3
479	RAG-nq-test1324	9663979aac16dd7a2f8964194eda4eea8aaf42012ebdb6d2f077f33bfb5566f5
480	RAG-nq-test1057	96bf56f946b4a1fa311546389613c7ae9de092a4dccad317c5f3c9688e5b1d38
481	RAG-nq-test1003	96f2d799d52d122630e0f2e8ec098588c9a8a143d6120326fc6a313172ae89f5
482	RAG-scifact-1226	972d56390fe8a89f63b031d0204adb3c1a6c3232bc5071de4f06a292e8b3ddd8
483	RAG-hotpotqa-5a7115475542994082a3e56d	973babf0cd25dcbda3fd68e8ea068c3c8f6858108ed850fd4c5ab4728c3e5949
484	RAG-hotpotqa-5a7327265542994cef4bc480	974b09d5c9c8135c98c6fe85af8390a07ced3ca516126762d7babb0ab5e0100c
485	RAG-fever-104206	97abf142e72de2fcbaac311f31640d0f320f241c1044883194e7fdabbdeabdeb
486	RAG-hotpotqa-5a71148b5542994082a3e567	98813d70be92cb82edb8dd9a4d6633011b104258baa7a2ed09e8e0267727c8e7
487	RAG-scifact-1104	988b869658c5fbf305a01b8bddf8df97ae74b079bb2024e1eebe171c230ac230
488	RAG-nq-test1144	990e8830c437160d0a7da4df0a4db7984c81e1b4c588188e962ca057f14e8198
489	RAG-hotpotqa-5a72160e55429971e9dc9253	9917591c4dd1435567d3aae4742c4f739dcb24b67e55a2a2e06a11f33c2c0548
490	RAG-hotpotqa-5a714b645542994082a3e78b	99b36bf1652312ed0ae516d3fc2cd2b7fe731be23d3d55d37a666bc01f064759
491	RAG-hotpotqa-5a7263e05542997f82783998	99df57b962fccf1c41e93f5d1db4d49d55b747afc26f4568687104666fbefcf1
492	RAG-fever-103816	9a4802ca0dbde868d62b53787021c198195f86e924a9a4d3d988daf7c756d0b3
493	RAG-nq-test1018	9a4c4ac419b8713e3ce80a7232c0eb13cf52c8d8f07cdd484c2108e93aec1b58
494	RAG-scifact-142	9a8fd3825b977138243b5a914c6c0dff26bf632e5f7af246f837f6252e268648
495	RAG-nq-test131	9aa2fea248e7361e57a8765f135566dd25d5a4ef5a2afa1113fc6e0081ce98aa
496	RAG-nq-test1230	9ae442d366f5938ae0978042d7a0a5cdb9add6405a711b76467aee45e3e14854
497	RAG-nq-test1187	9b1bb9234ac037c1d9b54cea4a5f4337ab1682a5bb5b8aadfd5d03538738b1ef
498	RAG-fever-103456	9b450997cfbedb24b8cc4b119bc439de7f7425e88669541ce5f9742483fd90c8
499	RAG-hotpotqa-5a7309a15542992359bc320c	9c3df9f9adcb6430d896ff4db905cd23053234d5344e6172bf9943bb2833ca59
500	RAG-hotpotqa-5a719bf25542994082a3e891	9cae82739b81dfc5158bdb39c9f83ec8532ad6bb8802431032fb2f28fe8a31fb
501	RAG-scifact-1259	9d3426ae538237e5c1b04ef0f8862f27c170b2dde0fa517415b925850dab3d33
502	RAG-hotpotqa-5a72bbfa5542992359bc318d	9d6ad25590eea3e57a71a5efc4bbf4ff0e857efe354e1fdf5de1d3803855d162
503	RAG-nq-test1328	9dddca404a4582d5be168544e0fcf7f85270d1c712299b051d0d320f9689d4bd
504	RAG-nq-test101	9e4b92b290570bdfdbac22cb0f330a9612151fdcf598562614a63c2acb847ee4
505	RAG-scifact-237	9e6fad284a758718752680178786edb4c76beeeee904c0fe1e707095a0dccd09
506	RAG-nq-test1296	9e7e6ee472c0c727b5b79ff576eb3f1998ffecd007c8e4c6b1971eadef53a735
507	RAG-fever-103050	9ead40103ef8e045bd14905aa93fd270d9b13bee0a23e5ec3bd02b723d0eaa41
508	RAG-hotpotqa-5a729fe55542991f9a20c53b	9efda3d8d859f74ca60998e846113be12b93a3b68f519ca6955036c5460a0444
509	RAG-scifact-130	9f43c1184d53166746e2182ad53667ad5e08fc815d047472e134df4b31a3d735
510	RAG-hotpotqa-5a7326cd5542991f29ee2d11	9fa1eef3f683d76b25beb568e06e6896bcac8186802ee18e6609ca8483bc75af
511	RAG-fever-103535	9fc9165ef4ca9474114957a2e00fa2642c2ae132550352c0055779c9c7ef8a62
512	RAG-nq-test1309	9ffacac90429ed4988d35e7b2a06ecc55e098044860aa237bb5f23ddc67e4d73
513	RAG-fever-101462	a05b77bbc85ff83220b01ecf9c6753b9f06f093e5bc2a90fee7ae6338b954ef5
514	RAG-hotpotqa-5a721e0e55429971e9dc928d	a0875aa20f73acfaa16ead9efdfffbfe4d16211b2df3928b26eedda6a964c00d
515	RAG-hotpotqa-5a7224ab55429971e9dc92dd	a0c56afbe244c585f998d932b7e9413f5719e99f2fc26f2b7af8f2c1767b3e74
516	RAG-nq-test1012	a0dd56eddc7d4f1d700297a8bf965038ec6da610bd82261c3874e8bd90d4b3b9
517	RAG-hotpotqa-5a7130365542994082a3e645	a18e937ba63f8fc1e076a7cfae6cf5f11ebc10557df1fbd28f5cdcaa4948e42f
518	RAG-hotpotqa-5a730a6b5542992359bc3210	a19137a11dd4ab001f9e09501ae8923e269fcadf8f82353afa39d722c888703a
519	RAG-scifact-143	a1ce4f88668fd8fdd669c598af8831eb81c60898e58feb5dcfe9baa860c00c7a
520	RAG-fever-101062	a2ef2fea8fbc1ecd8e1cd94024b9ca1923f30303475b661feba6902333ab5e95
521	RAG-nq-test1013	a30036024af518561bc940f183aeb8d79b4aa239f08279c5b3600413c9496651
522	RAG-hotpotqa-5a7153d05542994082a3e7dc	a3778d608e06f2a6c44941298a474bb1206262515226d218030e401baa96e9bb
523	RAG-hotpotqa-5a7265a95542992359bc307a	a3864bbf0e37fd6e336af0c5f2350f7048c3c8e16a3a9040eafbcc0dc4eaee15
524	RAG-nq-test1207	a3a1c501ccf52c8d868882af92ee78b3253d1b550ca77f4204f1f6de0c509f9d
525	RAG-nq-test1223	a3ad1039be4d1b7a0269c68f02e1f86ae6bf9654d9a0ee487fb04bfecfb2a8b0
526	RAG-scifact-1332	a436e984b172fa3faa60a099a23c4ad22394378f8d01a03e6c0ff8abd1c31c5c
527	RAG-nq-test1196	a4f00a538ce55a9ea0f0ef239d416cb582ab691b54071907793a3ff39b31e9d8
528	RAG-hotpotqa-5a7294b65542991f9a20c509	a53ddd55011b908d83af34c22e7cb309d4287269289f8a8b49a16bec234bd475
529	RAG-fever-104365	a5915addc22a103b5af81d3d4c02f90d721fa7c3f021f0e192b3478970c9bfc9
530	RAG-nq-test1005	a5daa258bca3d8ece4356d70d26798839404c5f4424a7fe3dbcf1cb7c401cd60
531	RAG-nq-test1027	a5e76744e1e5e19a3ca66d9ed4347990153fb3bc9da6eabd009a07a42264f9a3
532	RAG-hotpotqa-5a728b1c5542992359bc30e0	a70c9ed22484723aaee6a8559963f023a29fa91fd350b4ba1aa1d9d986314814
533	RAG-nq-test1135	a7bed21d38abbf404bbd1530c367b26bdea68930f480abb805e72f2297bfa569
534	RAG-hotpotqa-5a70f11a5542994082a3e40b	a8954caa9fcfcabb020b11825454131d1aaa9b7f9cd8715e80c616231a4caf45
535	RAG-hotpotqa-5a721d5a55429971e9dc9283	a95d3545de6911d58942436f25c340ee9ed0300af634e011c620001883213a6d
536	RAG-scifact-1266	a9a1d170dd1aef993d58f154fd386a5ad6887fdbdcbb547449a6e8d49235b0f9
537	RAG-scifact-1320	a9bbfd9f10bc74f87fe44f473c84e640d1ed32c177f17863bcc2ff8cf9abb092
538	RAG-hotpotqa-5a72a5a75542992359bc314e	aae753e35dfd80a11520bb80e47725f0c48de8dbc6aa47fb551348f4ab2e5750
539	RAG-fever-100617	aae851a7b3ee68f209f7f0f81045781effc3eb4055ec2387995c91c0959520f2
540	RAG-nq-test1100	ab5c5251bd9ab9aa37027599924dead213ab62704036bc0c5c362451cb3f120a
541	RAG-nq-test1150	ab717ab7e37817c9ad606955ea358e428423e8de43cdc9ead2c698d6d0e5f9c5
542	RAG-nq-test1314	abc0e6c190abb8a82d952e911284fe74fa4536fd3d8761f23d2b2500d51d77d6
543	RAG-nq-test1166	ac33338be9011cf1b481189d6755804ca54496ac98ea85812fdab5e7257614e3
544	RAG-hotpotqa-5a72334755429971e9dc934c	ac58d2198de3919eed968795dc997e7a4b0f695404af0dc453cc78d389ca4dbf
545	RAG-hotpotqa-5a712af15542994082a3e614	ac70db781a5f13af52ffdf085255cb44165df3bfe5cdb2c58d0aeb207cb35e90
546	RAG-hotpotqa-5a72a51355429901807daf21	acc736a1879d5f2ae05e3a61efb1ac764ead12b202c869056518ac0de3c00e99
547	RAG-fever-103084	ad3e691d4f6d0e2c4d62b8521dd87b80cf5c42d0d6b3a3101e00f4e02db8f8d0
548	RAG-hotpotqa-5a712c4b5542994082a3e622	adbeba169404aa13e4a7396f45231f3622e707f1084751b679965f7afbebe5bf
549	RAG-fever-102417	adec04929cb1f2b7d852d262c51a1da11655c3efc4fa78154565b8c01690dd4a
550	RAG-hotpotqa-5a728f015542991f9a20c4e4	aeeb2f3ed31af68770dc2c727487df4330de3298c583c4ed1d6527806beb5581
551	RAG-hotpotqa-5a7249b85542990c210a40b9	aefc57321f5ab4f5a28d10ab6154a79b07e8cc9dbe2447f04fd3f0bbc4b2f58c
552	RAG-hotpotqa-5a727ca45542994cef4bc2d8	af1a02cf6f1f426c9a3f2ada4a9077d705f5cf199787c194d9f8100175e09527
553	RAG-nq-test1063	af2c8c3a1bc764c45ac797d0597c57caa1f0c6cf4fd360be3976da872994ef35
554	RAG-nq-test1062	af9772fd930311b7b5fae464b70d1389515289101a5b86a4da23715b7aba61ac
555	RAG-nq-test1335	b06e49113205131e3303dd7a4d9194c5daa66280f66fbc7b58b15e9cd25393b9
556	RAG-nq-test110	b0b49ef89f365de3275e915875dc74f16c2d06200b789e888a0793f8993015ab
557	RAG-hotpotqa-5a72f7df5542991f9a20c5d7	b21d96afaf90c7780b4b05946618b313ec700e82165d82b4ec4c3d3ca9b4bc90
558	RAG-hotpotqa-5a727a635542994cef4bc2c9	b23046cc1da7beef9174a4d2794aab9d9c62e351307590d05a7f075ee22ffe9d
559	RAG-nq-test1168	b2e9d16bcdf4f54fecfa11228a53c7a936b278e1607a98cfec29cfb48b7f3f1f
560	RAG-hotpotqa-5a710a915542994082a3e504	b345881092e77d70033b2ab9470e1b9df1dee24d7b1a31bf59a09adffab5383e
561	RAG-scifact-1344	b39f6e98c4d2b0fd2d0b62062bf1b00bf021f962ecfa282c21c62472ffc4a3b1
562	RAG-nq-test1234	b3d5a066222309a3e159327587d044a358a8007cc2c81a16c631d91f05017604
563	RAG-scifact-274	b3d80047b50d834acc06ff696b27b43531e7f717d2831851c5051602e9dc2be0
564	RAG-hotpotqa-5a731c205542994cef4bc45d	b421e46dfc8be54da3883f953d9c350157274f173a941f68398cef1ce885a924
565	RAG-hotpotqa-5a721bbc55429971e9dc9279	b44750eb499113f353310a1c56b02254e5ba24cbcffd6f40c3327721d488c9fb
566	RAG-nq-test1084	b4ac0add3f5fc8899edc4d534198fb6130b7fe6548e18df5c37fb3922f1e1e5b
567	RAG-hotpotqa-5a73266d5542994cef4bc47d	b51a8523b765e786ada09870bbc820f5217edf248df42ef09f0ad878cfbc6848
568	RAG-nq-test1056	b536bc569a5c51e1d90f27e41395eee95dc98b380aab82618677540d3fa3d014
569	RAG-hotpotqa-5a71166d5542994082a3e576	b5614779369619c723c46424b61b191ec8ca80ce266a4e7d314208b5a10b3108
570	RAG-scifact-1336	b5cbe54f473bb361486b3fce0139b8cb2a3d6c5a7deb0deb2223cdd13329bff1
571	RAG-fever-10151	b602e21ad618a11148e48db41813f770f7982e47c465dc7d8c1025633d3d7ee6
572	RAG-nq-test1098	b62579a5fc66dd5189a575b68bb8f7d3e8361bd6e1dc28d4337e4d152fe66551
573	RAG-hotpotqa-5a728f745542991f9a20c4e6	b664e36d112343a09732c1d4b93fd3c7ebcd74cd3752e2e89f2d61e5232084b7
574	RAG-nq-test1006	b66990e1ccbd297c1b94b0684614ece1c3f94d180d8bcced48d0d58b7fd35ec0
575	RAG-scifact-1099	b6e10c91767c83c8f9cb2f12f3bf797b501f917836fed9c1d905ced0bd18785c
576	RAG-hotpotqa-5a72d7b35542991f9a20c5be	b6e9131a97870e8b3d715239ea58f5c54b91ceda77af50fcce16506895887036
577	RAG-scifact-1204	b7dbf126d638d5bf71a49bc6e53e98a7e5af38149312636847325fcc0ef5e87e
578	RAG-hotpotqa-5a726ba35542997f827839c0	b83dc34400f39a1b7ceb53336551bb214f7dff15b1d253fce2bf50040e1a91cc
579	RAG-scifact-1280	b874ff45d12029939df74288ea58fcd2d5c0d82f985297e5dc915f3768d79a4e
580	RAG-nq-test1050	b896f26fd6307f50ce1efa7d6159b6fe184b7a51f9fc052e1f96ffef67857e4e
581	RAG-hotpotqa-5a7296815542991f9a20c515	b8d2896ff83e3eb2767d1ae2a88e338cc95ab0db3867233e7dcc7719e1c746e8
582	RAG-nq-test1127	b8efd12f5569ed1cc6126f400894738c9a77d8aa9a79280c509ea55f006fb02a
583	RAG-nq-test1017	b90976e4e985bb1b14510ddecfc9ee6ad2ab1c91136f90fbabaf14da84162faf
584	RAG-nq-test1170	b9c06ffcb2f70ede895ec73f9925820b7604390a208ccc847014af605f6ffd7c
585	RAG-fever-103665	b9ccc3dda6d548546cbd4233deecf8b5b9ea755633d2b5926bd5d549e94e19d2
586	RAG-nq-test1238	b9e940b3b9267628d627be51411bfc87be18c7bd22fb91fa773400d3a7e139d0
587	RAG-scifact-238	ba1c58d3a592f7ebc88a71183056e49b8eaeaae24fce31ac524c533362040441
588	RAG-fever-1032	bac6ba1da03cb34077cbebe31ded50da48c0da0761a633c9c61b3c79a09d1302
589	RAG-nq-test106	bba8ef65ca25fd2788b88b58e3039b98ef1c844c6c093e12af3e2013c41e6f05
590	RAG-nq-test1167	bc89bcd306e0bbc2d99020e6dd6997fae03a416c3d035c58f2745e8836bda205
591	RAG-nq-test1313	bce12de43fcdf39c0f597c208a6aae8199337a43077ae85afcf5858faad10d5e
592	RAG-nq-test1077	bcf9eee23fd3b2e12ce827184ef826c7c843e31f19fe8d579e182b3c9eb51cca
593	RAG-hotpotqa-5a72dcb45542992359bc31af	bd6aa0028e5ac483aec4c227a31ddbab273116b20dd4d497ac7e58bceefa1cd8
594	RAG-nq-test1044	bda6bf050f1519537da7be0a7b3bde93a00469c9cac4964e9b95fc277418db04
595	RAG-hotpotqa-5a70f0a75542994082a3e403	bdaa24ee1b70644c627a970b79c5678079d77cde7b0b2b691ea35916e9772c41
596	RAG-fever-102079	be0e48765871bc41d8769876cba5950e56f7c08af19dace594cdd300b935d22f
597	RAG-scifact-1363	be21b8c0184fefd66319f0eaaa1f10ea49c043b78b4c186676f1354e73d9a1e4
598	RAG-hotpotqa-5a713dcb5542994082a3e6d9	be5531bf4b9f570bcecd64906759beba49217d79276273f1497ee2b5a9bbbafe
599	RAG-scifact-1202	be8194b68ad8ca6a136fd038e71066828c12fbb5c3cb15a23689543992007cc1
600	RAG-hotpotqa-5a7133565542994082a3e65c	befbb0b3cea091d0738a5cca6e9db2984c1e791c36bc530d7d6e347044fbae75
601	RAG-scifact-343	bf32e500c02f3efbfaea1bbde70c88b3148f8c718a874e2a68d06e7770c51874
602	RAG-fever-103934	bf5bbc552e91047bb240a376681a75f6a61d903323f180a28311f095e7fd5039
603	RAG-hotpotqa-5a71224f5542994082a3e5c1	bfcc5f9088b892460d06aaa23f66551c0deb614f7c91320a8f39651589fac035
604	RAG-fever-104426	bfee8c8edd654d3d521c708af9436013dba13535d103a515284e41fae9513534
605	RAG-fever-102636	c036aefcdc823ed364d0cc5caee7296bf5122493f482904f1ea8f08e31ef9c5f
606	RAG-fever-101808	c0815e3b7b8e191dfcc09a512b72c935d6dfcfe821fc32a41c25279300b80696
607	RAG-nq-test1160	c12eaab84109da4dd45d70fa5f0f3e45943426be4d38f7217d0995059b3c0e67
608	RAG-hotpotqa-5a7128b05542994082a3e5f2	c15d98e125247b56dca3f5f042b6496b83abe53d4cca1b13a5c5cde04cec55e0
609	RAG-scifact-1395	c1c9c54c858c41cdd78414b5acdf6b1236424c5f37bcf638d6f0e6680bd6e1ee
610	RAG-fever-101985	c267d49a9d810817516d0ef72dfc253af1e72372739c8ff92c0ab81ab81cf70e
611	RAG-nq-test1141	c3175c8c206df305f0434f02eddae90845ba7f06b843ab41d791c30c1ee782f4
612	RAG-nq-test1307	c3b73c3d5228cbc3a80c4c75c43405d2d40c32eba29fd20a3326f884b4daa9a2
613	RAG-scifact-269	c3f7cfb01b216651c3f5a078b03ab3dc6a4202c681e00c1b04ee670d78b7b331
614	RAG-fever-10450	c41ace4c8ee05655dc94e066fc17a245f47ae5671fc12740bcfb0dc947519bbf
615	RAG-nq-test1094	c46131e158b913b2a66461856c070e1748d3b035c19d67f6a2fa9614dab66310
616	RAG-nq-test1203	c4743daa116c29094b1190fcbc44739beaed58c1e677b4fb56e600f84b39b9fd
617	RAG-nq-test1065	c4b61c18302054256bc21cfd07a3665d62072d9c9f4a7e0e2885816a72201775
618	RAG-scifact-236	c4c75078f964022bfbd0c3988fa6ea936a7c4e25ce810240d3ee184c42dac4de
619	RAG-nq-test1242	c516fe4e653b7aacb9fb66d7debeeec595cd1d208b320ffe1c20e33426dfd165
620	RAG-fever-104332	c539d2f834f74c6aca4260b9fc7e012d85e5840bdb47aaa463d9e8ffbd888ad5
621	RAG-nq-test1206	c5c2d13bece53d965d0b1ec81a2e6ff4f56eef5479938b711f430dcb09e7752e
622	RAG-nq-test1048	c79969fef8d3bcf160b733ab0709241fa776a32eb34821a7d74afd5566fe4a2a
623	RAG-fever-10118	c88929c09e41ecfe8643dacc000de07bc9ab5a20a7fae83e796d18cdaba3eae1
624	RAG-scifact-1335	c8b57807ce2ca144827dc4fd37ba650142ed328f8d142685aec05b6f2af58f35
625	RAG-scifact-312	c98c036a08a3d281c4a627d78730d84ba1f9bee853f48109bf1807cc15b9d0ec
626	RAG-fever-102741	c9a1392b4941b523e1541bd740c52cf91bba9c645ccfe34cdb0505b5eda3f632
627	RAG-scifact-1207	c9a4ec62884f4fea52bbf3a548f138fc4029d125fa80298b373ea9cfb6100172
628	RAG-fever-101008	c9e51ae29e6cddf76b62d6420068bf697dc4bbd30e73dcacd6b880d35dbf56e5
629	RAG-fever-104423	c9f62043d0a13b290c23d91a16c61545b2ee089ebf930f1bd1e3a8075bddc46d
630	RAG-scifact-338	ca0105a92f8a423f2b0951b71ed54c3c8291f727a6d971e3ccdfea79187927f7
631	RAG-scifact-171	ca8f835eea877801deeb2c4b648885cfa3c3d5a08ef2b9ae405702ac6930644a
632	RAG-scifact-1019	cadd4f187f14fa70967c7d6d399badf9cb244e83d0b6b9dd9a9fad690bcdb1c7
633	RAG-nq-test1248	caf1dff2e8e48affef978ae6b2f965eaa0223165e72ff2934339d7c6066f07ac
634	RAG-scifact-1041	cbe7697e727eb5b89d5555fb5b748dc37db8bd90c41070bdc4664ac14f020f32
635	RAG-nq-test1249	cc6a49c9f8ff1a7f6d2519083a8665cb35b9e9d31ca056260ea3f8ee7332eda3
636	RAG-fever-104747	cd338f529b9f8be3702f41f528df5a85a0c6119381a4fd80439ed0b77d592b45
637	RAG-fever-102872	cd680a77629daca27385f5b950cd6d23022d44390eb053f71a80c378e43b21fb
638	RAG-fever-104530	cd839e19928bb4797d79565210dff4e9f8733af9a04ca6fd817540e7398c0116
639	RAG-scifact-1216	cd88aa7405dec3f1fd24b9da3a8edd6cdc99716a21e71029b53cf1ade578b553
640	RAG-fever-10455	cdb5633d1b700f9a32a7e8d8610acf6b9b32fda860e3bf6f21f2dc486978698f
641	RAG-hotpotqa-5a72944c5542994cef4bc351	cdb91db1365d6b30aeab243028ff88c01635e0a73578fd2c542fadecf3029f92
642	RAG-scifact-1290	ce5c80e12a175259e5e6bf487d2f48f7516dd6b481f8ad2b189ca535e99a81e1
643	RAG-hotpotqa-5a72fc865542991f9a20c5e9	cff3755520c8aaf568b3b9dd818ff9f7b171af04339ccc8a41d15d6a5890cc30
644	RAG-nq-test1106	d02708c67d364d81afc95508e11843af45d369f261e45953cfcf2f13c78c7755
645	RAG-fever-102303	d093a3ae93a5f853dcddb5d4e73c0546073d7e91590548eb8b32209853e523d6
646	RAG-fever-101906	d14076964f2ac4d440b0392ea5b77b06488448a5f50bd015349caddfd056fa56
647	RAG-fever-103221	d14dc8f0e832f811e786fd3658c21332165909c80aaea3e5bd66d9858b012619
648	RAG-scifact-279	d197be1f2e6bac243a0cce1757a23ccfd26f22da219a0fcec5988f7b72541546
649	RAG-nq-test1224	d2af4dbd8ccdd7b4fd8d91505987ad7c485011b4c61a7eaa5a4f0552edab823f
650	RAG-nq-test1112	d2f7920fbc892ecac06db11e78af76309c2b21515e68daf5241a9eda92bc9b7a
651	RAG-nq-test1229	d30f13062b511fc220641165dbd2c03599d21a08b34eef65205cb18996eb0838
652	RAG-nq-test1251	d3a77cf6afcf8aa728d7bc743c864238f143c4302b30f8875bcf8b89f18b0872
653	RAG-scifact-1086	d3fd6b5fa2a9484138c37f5d054f70a45644f4b3f2efec5593fdda082a6a7d99
654	RAG-fever-10117	d40ded3227d63193e62b49dc56760057b149852fe4c7506e78846d3e55cebd20
655	RAG-fever-102020	d42487cd764343dc51022e9128438f78a8a4e89bf8c5e526ae7db78c6649472b
656	RAG-hotpotqa-5a7313865542994cef4bc442	d4498bb77bc0fa7ebaf660ca33ceb2ddd2431f7253de1b74eed88e133d4058bf
657	RAG-hotpotqa-5a7252db5542990c210a4104	d44de984d0c942a412439f45bb5de3790dca9fdc42d2a964d53276ce5add0194
658	RAG-nq-test1340	d4a8946732cf175f69beb73bcb7be0b5d89a4af53bb0a1c10dee56ad9be5aec6
659	RAG-scifact-1271	d4adc60e9564b4922dd63cf3e9e7e32b57e5a72186eee3daf463667c1375d6c5
660	RAG-nq-test1058	d4dc4b774dae020866c1ffd2d0624add6700702b152c91459c8310be2a352086
661	RAG-nq-test1291	d5dfdd527f550e31ce2d991f52a33a9ae5cc92f4d4caf80a949e02e3cfbca5da
662	RAG-hotpotqa-5a7109e95542994082a3e4fa	d6033007d39fe95974e7dfef0c5c81ca7aa083335bfe48e194dd7c791f10f209
663	RAG-fever-101702	d6158f09d9d7afa047857d3386e91c89d57bd8beb09e3c2dfdf20dd77ff831f4
664	RAG-nq-test1165	d6e949b6560bc3851f10770e203af0b8b7c7dbe06d96b6ddbbdc65a5b043f3bf
665	RAG-nq-test103	d709dba7c1c9e50d0192ca26787209e6395826566d2ec0d3e8fa09c5367539b9
666	RAG-hotpotqa-5a7299465542992359bc3131	d772f3660fcae7b15a6699e3ce032761c5f88628c03e2c3e97d0eacae495bab7
667	RAG-fever-102884	d78297449602d5b2d1f7744e8d38483168258ea4e47e08d86c15b4f64995d55d
668	RAG-nq-test1204	d7ad341b5e39e6950e441bdbaf6f4df84bc7a5f2ef5fdf5447561a705749eb4c
669	RAG-hotpotqa-5a7136e25542994082a3e67e	d829c49c37ef7e07d65041b960e525548d7d3f9bc967f45d52947baa5a2d0fc5
670	RAG-nq-test1235	d8311274240740f81800fa865b21c86b47bc5184d642c7fdaf80ac7b91a9f1d6
671	RAG-hotpotqa-5a7140585542994082a3e6fa	d8491feed2c9f158a2ab92e925954ac92880ae6ee67d963abf20006d35202de7
672	RAG-fever-101118	d9007163f31b684739ad0b44ac87a66f5194b90e29bdf67ddf18b9986ad0a52c
673	RAG-hotpotqa-5a7149595542994082a3e76f	d987121c8ca89d6368522eda1cef1e96503d6b692a213fae780d2e258c408c41
674	RAG-scifact-1137	d9b2d18c42f9bf9b92379f20f0618af5459ad7f4276fc6fc6c5405abca20c051
675	RAG-hotpotqa-5a71214d5542994082a3e5b9	d9e8d66f545ac0b1f1fa1ed66d3e559b33c9976b4c6596dbd874e9e96351c001
676	RAG-scifact-179	da929503b44ddbe7456bc274d93a78793a40ab9a13e931558c4b44aa43ca6b24
677	RAG-nq-test1212	db0d7f1e1712a0b835f739ac3ae43c16deeba06898aaaca633ec55ddf50f9144
678	RAG-scifact-118	db9d2fc198ee22de847614cd4aa09464c10070c7c99cd10ebb899dd3e2c801f0
679	RAG-scifact-1029	dbb1a9de33d7ec9508d194c6317c6dc5d997c0a297addd4c9b280acf381bd78e
680	RAG-hotpotqa-5a7261635542997f8278398a	dbcfe209881046fa76cc04f6a4e9b8acbb82a6d16879e626a4547aeff5b220a5
681	RAG-scifact-268	dcebbbc351645a98dfaa1f188411d28544de6d78db7535e701b9e3a9c995a107
682	RAG-hotpotqa-5a716dc15542994082a3e82b	dd0b21c1cccf6eee547c0e0697bda922296831d27d7a39f2d9b0f53a5b402e5b
683	RAG-fever-102990	dd14088d5d3a7ed35329683f95a5bafeae119f1fcd378be7cae0654896db61ed
684	RAG-hotpotqa-5a7286865542991f9a20c4cb	dd4883cb1fc9938e9965baf05cb61be0445c44fa35363c2cc39aad43bd55d88e
685	RAG-scifact-146	dd6aa0a91772f49a29ec5bb427637336681e9e5f67da43bdab3176f7a1aecb21
686	RAG-hotpotqa-5a716ec85542994082a3e82d	dda9812689e85f27db3d6d2e87e5a5c0e0a635766ef50f15a6fc7ec96faecd51
687	RAG-fever-101224	ddbccc94b3582b849faa4d9fa49531070a44a3166127929b4bc706d48eac8a9c
688	RAG-hotpotqa-5a72d3525542991f9a20c5ab	ddc349cd244e38a3f36f419de2f80cd75c91d912db28b8b3da3ccb9e08f5b110
689	RAG-hotpotqa-5a7265825542997f827839a3	de36818c64ba3b35d7f6d5ceb37054d383dbd2948ab9731d4f8eb3abe5e704f9
690	RAG-hotpotqa-5a712beb5542994082a3e61c	de9784d4c50d06963e4f1c809fd7e7c74b7807c1f9ad4ef2250a1110c5ec2d3b
691	RAG-hotpotqa-5a721a7655429971e9dc9271	df0262be24455b3bb37225a105048d64bea2ae4e20e598170df0ed3b0c5fb7a1
692	RAG-scifact-13	dfb5796885a64900f1b914277bbaa6eb6653c4ee700150293328035dcea0a593
693	RAG-hotpotqa-5a70f4c45542994082a3e437	dfd4a2784582aef6c4b0f5aa644275d431b3b7373d70a280fc264fa9a1f72262
694	RAG-nq-test1032	e05afc43e97f5f1f3efe480b79b3d400d3ed05bb807060b412c8755b6c3c2a80
695	RAG-nq-test1023	e0b943b622f141205165b6c60ea4f90501bfaf96a4a038a130315b63d389c31a
696	RAG-fever-100795	e1241bf260d595170aaf26a0c95b07dd41cb71504735b0514a374327ceba41d0
697	RAG-fever-102600	e15772fbdec8a0feea502fb945cb53ce15ad6683f968fa3f7c429339e4068c2f
698	RAG-fever-104036	e1b487d31b537a7b5e865467f4279171a2911d473e2dc11fb0b4bc7aa8721987
699	RAG-fever-104427	e1c8e75a0ee746ba99cdec144c1229532de78379f7a5c41fac73962ad895a3b6
700	RAG-scifact-1213	e1d762deb2420ed1d6afb2bf653a74aa74f3dc43d3ff714eaf6ead060d0430a0
701	RAG-nq-test1069	e1e26aa22bd21070cdb13aa0c112100c4b8a7e908aac5e29c3e35cc93cf0f286
702	RAG-hotpotqa-5a713a5a5542994082a3e6a9	e30b424fb4f77e79a4ab59effc78774e60fad35c4ad7e30a05ccf94596b1c023
703	RAG-hotpotqa-5a72634d5542997f82783994	e32e2bb4f31143667402f07e09d172918c7a5449d0f62e44fe82e8585418f8cf
704	RAG-hotpotqa-5a7150c75542994082a3e7be	e3a28da29a34b5800c25828c3c910c00d48801f99aaffb9d66e9b159bdd17e78
705	RAG-nq-test1118	e4181fc1c778aec23ef5ffcb510e7f907d495bd529d2f184562fc1c3da13466c
706	RAG-scifact-1339	e4b85ed57ef25b403e0c823050e62520e6d2e03ba3696735f30d9904f30b61c5
707	RAG-hotpotqa-5a72a6d855429901807daf27	e53d5b4a067dcf4a6a2dbfd48955ab68a8bd025dcb5a1757a54ef511a3cf71fe
708	RAG-hotpotqa-5a711bb55542994082a3e597	e555bd26a496757d2f816ae80128151232bc7bdd8eea0bf964a30b7f16cb7d8d
709	RAG-nq-test1283	e56e49bc71ef7bc80a6803bba2c8b2e0d9d2146e55b6bcef49dc5054d468bdb3
710	RAG-fever-102418	e5a882221af8bc32d9837b5480476c85a122012c2f998fa763cad0b8204e0b27
711	RAG-hotpotqa-5a72b3335542994cef4bc3dc	e5c00ffaf091346718334f911e1f005528d1fe7e35acb478076424c497ef8b51
712	RAG-fever-103503	e5e5be7cb086346b511a1db3f6698e629c33e68d0624a2837739b6e61517ce86
713	RAG-scifact-185	e655122cb5bcbee9fec298ec8cfe4ca9ab72de200fb4c8c09073ecf7f21c1987
714	RAG-nq-test1095	e6a10be275b890a958be92de04bc92aeca95e11e0e91329f509d2ccb35ed01cc
715	RAG-scifact-1144	e6da7526e6339e60bb7f9d678d6ea6b20cd631d1592f25d537c23eda84bca850
716	RAG-nq-test1113	e70fa733d625731cfa41558f7e0cd54a2988cca06d111c01c45a8829af1379b7
717	RAG-hotpotqa-5a7306a655429901807daf67	e72671f7dd88d687981c4a27e9efdb9a0bbc0b6af2de0fd3ad1069c3782fc8e1
718	RAG-scifact-216	e73f7637fac248c81fd9b9ddad51d3c8f09bddcb4c5a79bfb27558bafc69e8b9
719	RAG-scifact-1150	e75ef5eb84f67aefb0c4a2f6bb3930609382ea4fca36f57511edee8b7b5d43f0
720	RAG-nq-test132	e7bab576c010cbaf89a1394a892e940d885c25f5838dc6d54faa9efa2af371ed
721	RAG-fever-102523	e7cc8bf71f484ea404164dc9f8136997d7a747b978013a3e42f973ee986a7653
722	RAG-hotpotqa-5a7103b35542994082a3e4c0	e83646e0d5eee63a284676552e22829bfac0f8b742d12e2727534bdabbd377dc
723	RAG-scifact-163	e8ab6c38ab6b25c591e914ad0398a6140dfe8b85400617a1f9c9cd85eebbcfe6
724	RAG-nq-test1087	e8eff71342c2b88fe1a4e5bc1fb4efddf65440fcef2af6e067777c94087d872f
725	RAG-nq-test1031	e8f0b0350fe243aabf4efd7ed1aa729fd11f0d61d0ea9e969329d5c9ceb7002e
726	RAG-hotpotqa-5a7319bc5542992359bc3235	e9472bd70aabb130cac277298f1e8b65a2bef3ee072fce471b0313571bdf5e6a
727	RAG-fever-102161	e96bdd683f0a67cbdcb1e1bdef70addb4ab0a680e5d06c2ee3c818044ab9e2e0
728	RAG-nq-test1221	e97e3130feff91df4fb7ed1cac62d1386e23a886f348f7d454d758559123c29c
729	RAG-fever-102583	e98101f892b445712b17afa6382bbe2b0b25102d7c245bea7d565d00d98b0e60
730	RAG-fever-102784	e9a5ee69e7535234c0eb966f24225bf09476720b5ad890af3b736fd5071f4dd9
731	RAG-scifact-148	e9edeb77976e76939236f57da40a118bd6970ab1ef685e265f67bd50ec42a3c1
732	RAG-hotpotqa-5a7217f255429971e9dc9260	ea1cbb66e6cedf20bf3fb22f1d2b347f83b48fc275066e7c7e71138fe1362ba2
733	RAG-nq-test1293	ea290fefd3bceeee68c3f953372c9163913c3c12c8df8e619a478f2cc81023cc
734	RAG-nq-test1169	eae602bd338a7751fb72c542f771c031e01fc7081c516bcdbeaec7bd9d04d91b
735	RAG-nq-test1157	eaea824536c9632cee2a6a30d10a6c5170a40bc53e2ece37f739234b7ded2d3f
736	RAG-nq-test1025	eb95cf5ec643fcbd2b13dda713125e1f8c5e842cf5b8e7840ef93cb821a55884
737	RAG-nq-test1138	eb9a0f8454bd9914515b489c762b9db4e0f2b1b99d3ec02d552f12092f414c44
738	RAG-hotpotqa-5a70f0e75542994082a3e408	ebba903efd713cbdc5c6d305919bb4a696f76575dc04d34db49c613708ed9be1
739	RAG-hotpotqa-5a7270395542992359bc30a8	ebbbb43010e3768570efe349ff0cc3a7f54c85a31417b1156c6382c05e67f804
740	RAG-nq-test1256	ebc7f7f4a71d54ed765730c8abe5717a16449ec0c1a0ed73024f1ecba00c232b
741	RAG-fever-101553	ebf133b74005211e10d55473c2a888b3873cb0d955fa9a540fc823cd1b3266cf
742	RAG-fever-103964	eccbaf8311b97ece4ba5a0bd567c6e60ac8b9923af4a24b21b7bb156a814e989
743	RAG-fever-100243	eda429e290624369524eea839466473cec0d385d45e24d09aa1acd59dd5d8c9a
744	RAG-nq-test1199	ee5f329b9d10f767599610e47d9d66103782b195e7e5e28a95de01d6a301400a
745	RAG-hotpotqa-5a7148005542994082a3e759	eea160ff636aabc0b5210cff6a644da47066f6cc5b229e04de3414dff2df74ef
746	RAG-hotpotqa-5a72f74a55429901807daf59	eeee6aec4e87850ba37b2304f9e0085445fac1f3c0fa316638bde8342439e8b9
747	RAG-hotpotqa-5a72a0be5542992359bc3143	ef356dbab7a88b18e145aba5c90e0c3173fa558dc25807be2ac807c4d0fc298d
748	RAG-hotpotqa-5a7244955542990c210a408a	ef4f9eb7d1ec5bed4fe0c49bc301fa04f3f9e2778b233d32daef1ded6abaddf1
749	RAG-nq-test1115	ef6b2e340ee23916a1370a96ad7966f3737ccca8da61e2280168a2dc814ad636
750	RAG-hotpotqa-5a7271525542997f827839d0	ef6db132d9fa5d98d6dc9376cc133ef3613c203e063c05805d65cf714d55b05f
751	RAG-fever-102986	ef86ecd92921cdf720261ec69067c3507528d68ab3660609e85a5688107fb3ef
752	RAG-scifact-1278	f019b0c18d70815a5dfd5251deb98bb1f602b0e1e279c4ff8ec66addd0173ac5
753	RAG-nq-test1099	f05a7b6e5f48ddea8e6b90dca3fb9502d43e998e74e7229ca852d58891a5478b
754	RAG-hotpotqa-5a73235c5542994cef4bc475	f05d1ff9882a8538a8878649be349633b0ccd973a83931eb67ac8adb66ba1758
755	RAG-scifact-1088	f07f510a96e2e98e2d12ddd22a6a22a43ead3167d16c61e4943f33d354b93bd3
756	RAG-nq-test1305	f0f688bbdb2cc263ee227ef50236c13fcbe5ec3551db3e09144639624cc1d639
757	RAG-scifact-1180	f151f180c71c8d6a81b7db6ac084f285d2812d3a5d04178a91337598e8ca4f5d
758	RAG-hotpotqa-5a71231a5542994082a3e5c4	f153876b9045870a9783c3b8a912e5db5ab013c3e2adc177b046a792fb8d0e3b
759	RAG-hotpotqa-5a7322a25542991f9a20c634	f159393d00004a69ef419036f2b0640a0df89226fdffb47eba1452f666b1fad3
760	RAG-scifact-1146	f1652a751ae3cf177883e9f3446cd5a26b4e082d818f42dfcfb3b431616d6c28
761	RAG-nq-test1244	f1728a1cc7be4ca567617512b787e2ddc932db7994648607ebad58afd924e0b6
762	RAG-nq-test1252	f1ecd4bd620472a701cfecc232abddce91bf7f1cf7d12c5fcfc5fde01bd32c86
763	RAG-hotpotqa-5a7268235542992359bc3081	f1fe35384aa1b762bdce64f82890646416d3d7146f3d58066c7b46ec0966de0b
764	RAG-nq-test1085	f268a5fde886e8dfab99dc855a7c145849e42a47812beed922e512f100fca8d2
765	RAG-hotpotqa-5a71443f5542994082a3e727	f278a9c4b53fa782149fa0ad64480d13c56e2c13ccc61950f3af2ca629e7b461
766	RAG-scifact-1163	f2de3d864e3d104c30bdbbf0f1926dc1ad00a6344f774291a1f2af3a8c6708ff
767	RAG-fever-103154	f3824e426161e50a15b7b849c39f2aca2226861490e606af4058c5c991a03e76
768	RAG-hotpotqa-5a7148d25542994082a3e766	f3828bb270d3e08b51ac79c70bbfb915d771848e5ddba6efcb10969011dcb834
769	RAG-fever-101638	f3b801f7d1d7f179362f85ad31d0f70110ffa09c98f5526fd4da3b57bd198dcd
770	RAG-fever-103375	f3fcdd54dfce757d99c68a5847f34a4a1f502e96cefca982807c2eb4615eef1d
771	RAG-nq-test108	f424a20e944b209225b0099c9e57fb596da2e6044e42ec4900eb6feeafd01195
772	RAG-nq-test1097	f4e1c101c5c4dccf4dd761ee28329b0feeee9ac07ccfe603db5920ba0f3b44af
773	RAG-hotpotqa-5a7184675542994082a3e864	f54f49f58e80c3cbad6e1ee9c6951d2603d484367fb78d21f72299b39c44b6ce
774	RAG-nq-test1009	f658a8b7b3aba1a2f1804eebe5e2182ce3ffa6240f905ede66af9ed80b2571eb
775	RAG-hotpotqa-5a72339855429971e9dc934d	f658b82614e73e63fb8613f40ac0b31e08d0e8beeb863ee13ac3cb6f66663cfe
776	RAG-hotpotqa-5a710d155542994082a3e520	f67687589fa6eac8a96303500dd528c4fce99f56d0fa2460022e9789a73c3a21
777	RAG-scifact-1191	f6a627a756d99658473a0a6983d9462b6f5d8c9bafbfc8a4f873fc9fc1b7f318
778	RAG-nq-test1180	f6da0d021244698de1464b894cfe6ecec8ed1414c5be36c4b3f9397e4cb18e9e
779	RAG-nq-test1205	f79ea683fb3a29be7f6a57e9ba55e9129e11b7e4bc61d5b460cf49c473a59ab8
780	RAG-fever-100060	f9ed467a2ead10f6380224b8a8100e24a863b13aa485a54e33fefce9210f1e4d
781	RAG-hotpotqa-5a7326cb5542994cef4bc47f	fa727ce9defc38ade563c97863e082e968b070c9f35feca92da2fc3a7233d5c1
782	RAG-nq-test1145	faaf444a9c6660b9cd37d8112c7b1a4b41a4cd0fc1638cae1a22e455966d9b66
783	RAG-scifact-1389	fb1bea5307640fd36d66457e32fbf5e42d45cd43e758497302e7a2ac8fb31a1c
784	RAG-nq-test1231	fb3f54337419616af557ee8964c4bf28d0bff4b8949f8a62a7b30d9c57181263
785	RAG-fever-101017	fc00082d6bababeb28e37c2788831ff6c72f717f6bd97450353c69ed19001a0e
786	RAG-hotpotqa-5a72644b5542997f8278399a	fc297dc328de1a3fe0dc20a4dfe068fe2591cdcc4d007eb8941af6086f7bfc99
787	RAG-scifact-1012	fc2c926ccf3d0b25cfef97fa3afe6f06310d6b6a1520bc3250339c3ddcc70eba
788	RAG-hotpotqa-5a72ac8a5542992359bc3164	fc30c4d4910c3fe663e6f4eaa192deb8f023a76caf7e1d8ea95c5277fb3d4c69
789	RAG-nq-test1103	fd2ea8eb1fe20f4b0891489438f6090864928ccdc36da78ed6f65e5826f138e3
790	RAG-fever-100271	fda3c7eff269845e034aad1456766be1fb718c3f8c89816bd2e30720712d3d50
791	RAG-nq-test1257	fdd1b15764fcb50af0700846b9d011b00a85cb93b41ecd498b972840648f7917
792	RAG-hotpotqa-5a724dc25542990c210a40df	fdd9af370919bdd3a4c230963f0fd00ee42b242a3c98221382a3c8d7a241dc35
793	RAG-fever-100318	fe1e6ec2b92487542f00f68b2b06a31ec133fce59817148ac21879c49a2c3b1e
794	RAG-fever-103325	fe6be31fcf4611542b206d8c3ee4dd99425b6c6198936bae0b6edc21495458f6
795	RAG-hotpotqa-5a71446b5542994082a3e72a	fe9ba235a5cb44707b052aca304250f0086bb5eca7296b5cbbddcb3ed038a9e5
796	RAG-fever-102745	feedde80ea3472f2e7f94c44163d1aebbd9fda3d756ed75f59dfdca52c55c859
797	RAG-hotpotqa-5a7320ac5542991f9a20c620	ff04030946307d56f84d06aa34e3ee6184b7db478137c3a1649e976de3759f7e
798	RAG-fever-103941	ff400d76c11fb949103b3a1cccca0df57e5853969cbf5ecbbe9531c7c2e3b580
799	RAG-scifact-1379	ffac8b13a1dfe6a1b960db7d0d4c7e9ca9bde003d2434979ff441903d036dc3d
800	RAG-nq-test120	fff7f3b54a81ba41b7d8333f6d65f0f240d9a0027633933a28370be168f68db5
